[
  {
    "nombre": "Arroz",
    "marca": "Tio Pelon",
    "nombreCategoria": "Alimentos",
    "nombreUnidad": "Cantidad"
  },
  {
    "nombre": "Manzanas",
    "marca": "Del Valle",
    "nombreCategoria": "Alimentos",
    "nombreUnidad": "Cantidad"
  },
  {
    "nombre": "Iphone 14",
    "marca": "Apple",
    "nombreCategoria": "Electrónicos",
    "nombreUnidad": "Cantidad"
  },
  {
    "nombre": "Televisor LED",
    "marca": "Sony",
    "nombreCategoria": "Electrónicos",
    "nombreUnidad": "Cantidad"
  },
  {
    "nombre": "Tableta",
    "marca": "Samsung",
    "nombreCategoria": "Electrónicos",
    "nombreUnidad": "Cantidad"
  },
  {
    "nombre": "Película en Blu-ray",
    "marca": "Warner Bros",
    "nombreCategoria": "Entretenimiento",
    "nombreUnidad": "Cantidad"
  },
  {
    "nombre": "Videojuego",
    "marca": "Nintendo",
    "nombreCategoria": "Entretenimiento",
    "nombreUnidad": "Cantidad"
  },
  {
    "nombre": "Termómetro Digital",
    "marca": "Braun",
    "nombreCategoria": "Salud",
    "nombreUnidad": "Cantidad"
  },
  {
    "nombre": "Vitaminas",
    "marca": "Centrum",
    "nombreCategoria": "Salud",
    "nombreUnidad": "Cantidad"
  },
  {
    "nombre": "Detergente",
    "marca": "Tide",
    "nombreCategoria": "Limpieza",
    "nombreUnidad": "Cantidad"
  },
  {
    "nombre": "Bolsas de Basura",
    "marca": "Glad",
    "nombreCategoria": "Limpieza",
    "nombreUnidad": "Cantidad"
  },
  {
    "nombre": "Camisa",
    "marca": "Adidas",
    "nombreCategoria": "Ropa",
    "nombreUnidad": "Cantidad"
  },
  {
    "nombre": "Zapatillas Deportivas",
    "marca": "Nike",
    "nombreCategoria": "Ropa",
    "nombreUnidad": "Cantidad"
  },
  {
    "nombre": "Laptop",
    "marca": "Dell",
    "nombreCategoria": "Electrónicos",
    "nombreUnidad": "Cantidad"
  },
  {
    "nombre": "Smartphone",
    "marca": "Apple",
    "nombreCategoria": "Electrónicos",
    "nombreUnidad": "Cantidad"
  },
  {
    "nombre": "Libro",
    "marca": "Penguin Random House",
    "nombreCategoria": "Entretenimiento",
    "nombreUnidad": "Cantidad"
  },
  {
    "nombre": "Puzzle",
    "marca": "Ravensburger",
    "nombreCategoria": "Entretenimiento",
    "nombreUnidad": "Cantidad"
  },
  {
    "nombre": "Termómetro Infrarrojo",
    "marca": "Braun",
    "nombreCategoria": "Salud",
    "nombreUnidad": "Cantidad"
  },
  {
    "nombre": "Suplemento Alimenticio",
    "marca": "Nature Made",
    "nombreCategoria": "Salud",
    "nombreUnidad": "Cantidad"
  },
  {
    "nombre": "Limpiador Multiusos",
    "marca": "Lysol",
    "nombreCategoria": "Limpieza",
    "nombreUnidad": "Cantidad"
  },
  {
    "nombre": "Jabón de Lavandería",
    "marca": "Tide",
    "nombreCategoria": "Limpieza",
    "nombreUnidad": "Cantidad"
  },
  {
    "nombre": "Pantalones",
    "marca": "Levi's",
    "nombreCategoria": "Ropa",
    "nombreUnidad": "Cantidad"
  },
  {
    "nombre": "Vestido",
    "marca": "Calvin Klein",
    "nombreCategoria": "Ropa",
    "nombreUnidad": "Cantidad"
  },
  {
    "nombre": "Afeitadora Eléctrica",
    "marca": "Braun",
    "nombreCategoria": "Otros",
    "nombreUnidad": "Cantidad"
  },
  {
    "nombre": "Gafas de Sol",
    "marca": "Ray-Ban",
    "nombreCategoria": "Otros",
    "nombreUnidad": "Cantidad"
  },
  {
    "nombre": "Cereal",
    "marca": "Kellogg's",
    "nombreCategoria": "Alimentos",
    "nombreUnidad": "Cantidad"
  },
  {
    "nombre": "Pan",
    "marca": "Bimbo",
    "nombreCategoria": "Alimentos",
    "nombreUnidad": "Cantidad"
  },
  {
    "nombre": "Reproductor de MP3",
    "marca": "Apple",
    "nombreCategoria": "Electrónicos",
    "nombreUnidad": "Cantidad"
  },
  {
    "nombre": "Altavoz Bluetooth",
    "marca": "Bose",
    "nombreCategoria": "Electrónicos",
    "nombreUnidad": "Cantidad"
  },
  {
    "nombre": "Pelota de Fútbol",
    "marca": "Adidas",
    "nombreCategoria": "Entretenimiento",
    "nombreUnidad": "Cantidad"
  },
  {
    "nombre": "Cámara de Video",
    "marca": "Sony",
    "nombreCategoria": "Entretenimiento",
    "nombreUnidad": "Cantidad"
  },
  {
    "nombre": "Aceite de Oliva",
    "marca": "Bertolli",
    "nombreCategoria": "Alimentos",
    "nombreUnidad": "Litros"
  },
  {
    "nombre": "Leche",
    "marca": "Pura Vida",
    "nombreCategoria": "Alimentos",
    "nombreUnidad": "Litros"
  },
  {
    "nombre": "Vino Tinto",
    "marca": "Casa Lapostolle",
    "nombreCategoria": "Alimentos",
    "nombreUnidad": "Litros"
  },
  {
    "nombre": "Aceite de Cocina",
    "marca": "Crisol",
    "nombreCategoria": "Alimentos",
    "nombreUnidad": "Litros"
  },
  {
    "nombre": "Jabón Líquido",
    "marca": "Dove",
    "nombreCategoria": "Limpieza",
    "nombreUnidad": "Litros"
  },
  {
    "nombre": "Detergente Líquido",
    "marca": "Persil",
    "nombreCategoria": "Limpieza",
    "nombreUnidad": "Litros"
  },
  {
    "nombre": "Azúcar",
    "marca": "Zulka",
    "nombreCategoria": "Alimentos",
    "nombreUnidad": "Kilogramos"
  },
  {
    "nombre": "Harina de Trigo",
    "marca": "Harina Pan",
    "nombreCategoria": "Alimentos",
    "nombreUnidad": "Kilogramos"
  },
  {
    "nombre": "Café en Grano",
    "marca": "Starbucks",
    "nombreCategoria": "Alimentos",
    "nombreUnidad": "Kilogramos"
  },
  {
    "nombre": "Arroz Integral",
    "marca": "NaturArroz",
    "nombreCategoria": "Alimentos",
    "nombreUnidad": "Kilogramos"
  },
  {
    "nombre": "Harina de Maíz",
    "marca": "Maseca",
    "nombreCategoria": "Alimentos",
    "nombreUnidad": "Kilogramos"
  },
  {
    "nombre": "Azúcar Morena",
    "marca": "Demerara",
    "nombreCategoria": "Alimentos",
    "nombreUnidad": "Kilogramos"
  }
]