[
  {
    "creacion": "2019-09-01 10:30:45",
    "precio": 13000.0,
    "calificacion": 0,
    "productoAsociado": "Iphone 14",
    "usuarioCreador": "Usuario1*",
    "nombreTienda": "Walmart",
    "nombreDistrito": "Carmen",
    "nombreCanton": "San José",
    "nombreProvincia": "San José",
    "descripcion": "Muy bueno"
  },
  {
    "creacion": "2020-05-15 14:20:30",
    "precio": 14000.0,
    "calificacion": 0,
    "productoAsociado": "Iphone 14",
    "usuarioCreador": "Usuario1*",
    "nombreTienda": "Walmart",
    "nombreDistrito": "Carmen",
    "nombreCanton": "San José",
    "nombreProvincia": "San José",
    "descripcion": "Excelente estado"
  },
  {
    "creacion": "2018-11-25 09:45:15",
    "precio": 13500.0,
    "calificacion": 0,
    "productoAsociado": "Iphone 14",
    "usuarioCreador": "Usuario1*",
    "nombreTienda": "Walmart",
    "nombreDistrito": "Carmen",
    "nombreCanton": "San José",
    "nombreProvincia": "San José",
    "descripcion": "Usado pero en buen estado"
  },
  {
    "creacion": "2019-12-10 17:55:40",
    "precio": 14200.0,
    "calificacion": 0,
    "productoAsociado": "Iphone 14",
    "usuarioCreador": "Usuario1*",
    "nombreTienda": "Walmart",
    "nombreDistrito": "Carmen",
    "nombreCanton": "San José",
    "nombreProvincia": "San José",
    "descripcion": "Casi nuevo"
  },
  {
    "creacion": "2021-03-28 08:10:55",
    "precio": 12800.0,
    "calificacion": 0,
    "productoAsociado": "Iphone 14",
    "usuarioCreador": "Usuario1*",
    "nombreTienda": "Walmart",
    "nombreDistrito": "Carmen",
    "nombreCanton": "San José",
    "nombreProvincia": "San José",
    "descripcion": "En perfecto estado"
  },
  {
    "creacion": "2019-07-12 11:30:20",
    "precio": 13650.0,
    "calificacion": 0,
    "productoAsociado": "Iphone 14",
    "usuarioCreador": "Usuario1*",
    "nombreTienda": "Walmart",
    "nombreDistrito": "Carmen",
    "nombreCanton": "San José",
    "nombreProvincia": "San José",
    "descripcion": "Buenas condiciones"
  },
  {
    "creacion": "2020-10-05 14:15:50",
    "precio": 13300.0,
    "calificacion": 0,
    "productoAsociado": "Iphone 14",
    "usuarioCreador": "Usuario1*",
    "nombreTienda": "Walmart",
    "nombreDistrito": "Carmen",
    "nombreCanton": "San José",
    "nombreProvincia": "San José",
    "descripcion": "Como nuevo"
  },
  {
    "creacion": "2018-09-17 16:40:10",
    "precio": 14500.0,
    "calificacion": 0,
    "productoAsociado": "Iphone 14",
    "usuarioCreador": "Usuario1*",
    "nombreTienda": "Walmart",
    "nombreDistrito": "Carmen",
    "nombreCanton": "San José",
    "nombreProvincia": "San José",
    "descripcion": "Muy bien cuidado"
  },
  {
    "creacion": "2021-06-30 10:25:05",
    "precio": 13150.0,
    "calificacion": 0,
    "productoAsociado": "Iphone 14",
    "usuarioCreador": "Usuario1*",
    "nombreTienda": "Walmart",
    "nombreDistrito": "Carmen",
    "nombreCanton": "San José",
    "nombreProvincia": "San José",
    "descripcion": "Excelente oportunidad"
  },
  {
    "creacion": "2019-04-02 13:05:35",
    "precio": 13800.0,
    "calificacion": 0,
    "productoAsociado": "Iphone 14",
    "usuarioCreador": "Usuario1*",
    "nombreTienda": "Walmart",
    "nombreDistrito": "Carmen",
    "nombreCanton": "San José",
    "nombreProvincia": "San José",
    "descripcion": "Poco uso"
  },
  {
    "creacion": "2020-08-14 12:50:55",
    "precio": 13950.0,
    "calificacion": 0,
    "productoAsociado": "Iphone 14",
    "usuarioCreador": "Usuario1*",
    "nombreTienda": "Walmart",
    "nombreDistrito": "Carmen",
    "nombreCanton": "San José",
    "nombreProvincia": "San José",
    "descripcion": "Impecable"
  },
  {
    "creacion": "2019-09-01 10:31:45",
    "precio": 12000.0,
    "calificacion": 0,
    "productoAsociado": "Camisa",
    "usuarioCreador": "Usuario1*",
    "nombreTienda": "Maxi Pali",
    "nombreDistrito": "Heredia",
    "nombreCanton": "Heredia",
    "nombreProvincia": "Heredia",
    "descripcion": "Muy bueno tambien"
  },
  {
    "creacion": "2021-04-12 11:25:35",
    "precio": 12850.0,
    "calificacion": 0,
    "productoAsociado": "Camisa",
    "usuarioCreador": "Usuario1*",
    "nombreTienda": "Maxi Pali",
    "nombreDistrito": "Heredia",
    "nombreCanton": "Heredia",
    "nombreProvincia": "Heredia",
    "descripcion": "En excelentes condiciones"
  },
  {
    "creacion": "2020-08-19 09:55:20",
    "precio": 12300.0,
    "calificacion": 0,
    "productoAsociado": "Camisa",
    "usuarioCreador": "Usuario1*",
    "nombreTienda": "Maxi Pali",
    "nombreDistrito": "Heredia",
    "nombreCanton": "Heredia",
    "nombreProvincia": "Heredia",
    "descripcion": "Como nueva"
  },
  {
    "creacion": "2019-11-30 16:30:45",
    "precio": 12600.0,
    "calificacion": 0,
    "productoAsociado": "Camisa",
    "usuarioCreador": "Usuario1*",
    "nombreTienda": "Maxi Pali",
    "nombreDistrito": "Heredia",
    "nombreCanton": "Heredia",
    "nombreProvincia": "Heredia",
    "descripcion": "Casi nueva"
  },
  {
    "creacion": "2021-02-05 14:45:10",
    "precio": 12500.0,
    "calificacion": 0,
    "productoAsociado": "Camisa",
    "usuarioCreador": "Usuario1*",
    "nombreTienda": "Maxi Pali",
    "nombreDistrito": "Heredia",
    "nombreCanton": "Heredia",
    "nombreProvincia": "Heredia",
    "descripcion": "Impecable"
  },
  {
    "creacion": "2020-05-29 10:20:55",
    "precio": 12450.0,
    "calificacion": 0,
    "productoAsociado": "Camisa",
    "usuarioCreador": "Usuario1*",
    "nombreTienda": "Maxi Pali",
    "nombreDistrito": "Heredia",
    "nombreCanton": "Heredia",
    "nombreProvincia": "Heredia",
    "descripcion": "Perfecta"
  },
  {
    "creacion": "2021-01-15 13:05:30",
    "precio": 12250.0,
    "calificacion": 0,
    "productoAsociado": "Camisa",
    "usuarioCreador": "Usuario1*",
    "nombreTienda": "Maxi Pali",
    "nombreDistrito": "Heredia",
    "nombreCanton": "Heredia",
    "nombreProvincia": "Heredia",
    "descripcion": "En buen estado"
  },
  {
    "creacion": "2020-09-18 12:15:25",
    "precio": 12750.0,
    "calificacion": 0,
    "productoAsociado": "Camisa",
    "usuarioCreador": "Usuario1*",
    "nombreTienda": "Maxi Pali",
    "nombreDistrito": "Heredia",
    "nombreCanton": "Heredia",
    "nombreProvincia": "Heredia",
    "descripcion": "Poco uso"
  },
  {
    "creacion": "2019-10-05 15:35:50",
    "precio": 12900.0,
    "calificacion": 0,
    "productoAsociado": "Camisa",
    "usuarioCreador": "Usuario1*",
    "nombreTienda": "Maxi Pali",
    "nombreDistrito": "Heredia",
    "nombreCanton": "Heredia",
    "nombreProvincia": "Heredia",
    "descripcion": "Buen estado"
  },
  {
    "creacion": "2020-03-08 08:40:15",
    "precio": 12350.0,
    "calificacion": 0,
    "productoAsociado": "Camisa",
    "usuarioCreador": "Usuario1*",
    "nombreTienda": "Maxi Pali",
    "nombreDistrito": "Heredia",
    "nombreCanton": "Heredia",
    "nombreProvincia": "Heredia",
    "descripcion": "Como nueva"
  },
  {
    "creacion": "2021-05-20 14:50:45",
    "precio": 12700.0,
    "calificacion": 0,
    "productoAsociado": "Camisa",
    "usuarioCreador": "Usuario1*",
    "nombreTienda": "Maxi Pali",
    "nombreDistrito": "Heredia",
    "nombreCanton": "Heredia",
    "nombreProvincia": "Heredia",
    "descripcion": "Excelente oportunidad"
  },
  {
    "creacion": "2019-09-02 11:45:30",
    "precio": 14000.0,
    "calificacion": 0,
    "productoAsociado": "Televisor LED",
    "usuarioCreador": "Usuario1*",
    "nombreTienda": "Supermercado Central",
    "nombreDistrito": "San Pedro",
    "nombreCanton": "Montes De Oca",
    "nombreProvincia": "San José",
    "descripcion": "Pantalla grande"
  },
  {
    "creacion": "2021-07-15 09:20:35",
    "precio": 14500.0,
    "calificacion": 0,
    "productoAsociado": "Televisor LED",
    "usuarioCreador": "Usuario1*",
    "nombreTienda": "Supermercado Central",
    "nombreDistrito": "San Pedro",
    "nombreCanton": "Montes De Oca",
    "nombreProvincia": "San José",
    "descripcion": "Resolución Ultra HD"
  },
  {
    "creacion": "2020-11-08 14:35:20",
    "precio": 14800.0,
    "calificacion": 0,
    "productoAsociado": "Televisor LED",
    "usuarioCreador": "Usuario1*",
    "nombreTienda": "Supermercado Central",
    "nombreDistrito": "San Pedro",
    "nombreCanton": "Montes De Oca",
    "nombreProvincia": "San José",
    "descripcion": "Sonido envolvente"
  },
  {
    "creacion": "2019-08-25 10:15:45",
    "precio": 14750.0,
    "calificacion": 0,
    "productoAsociado": "Televisor LED",
    "usuarioCreador": "Usuario1*",
    "nombreTienda": "Supermercado Central",
    "nombreDistrito": "San Pedro",
    "nombreCanton": "Montes De Oca",
    "nombreProvincia": "San José",
    "descripcion": "Pantalla curva"
  },
  {
    "creacion": "2021-03-30 12:40:55",
    "precio": 14200.0,
    "calificacion": 0,
    "productoAsociado": "Televisor LED",
    "usuarioCreador": "Usuario1*",
    "nombreTienda": "Supermercado Central",
    "nombreDistrito": "San Pedro",
    "nombreCanton": "Montes De Oca",
    "nombreProvincia": "San José",
    "descripcion": "Control remoto inteligente"
  },
  {
    "creacion": "2020-09-14 11:55:10",
    "precio": 14350.0,
    "calificacion": 0,
    "productoAsociado": "Televisor LED",
    "usuarioCreador": "Usuario1*",
    "nombreTienda": "Supermercado Central",
    "nombreDistrito": "San Pedro",
    "nombreCanton": "Montes De Oca",
    "nombreProvincia": "San José",
    "descripcion": "Diseño delgado"
  },
  {
    "creacion": "2021-02-18 16:25:30",
    "precio": 14475.0,
    "calificacion": 0,
    "productoAsociado": "Televisor LED",
    "usuarioCreador": "Usuario1*",
    "nombreTienda": "Supermercado Central",
    "nombreDistrito": "San Pedro",
    "nombreCanton": "Montes De Oca",
    "nombreProvincia": "San José",
    "descripcion": "Conectividad Bluetooth"
  },
  {
    "creacion": "2020-07-05 14:10:15",
    "precio": 14625.0,
    "calificacion": 0,
    "productoAsociado": "Televisor LED",
    "usuarioCreador": "Usuario1*",
    "nombreTienda": "Supermercado Central",
    "nombreDistrito": "San Pedro",
    "nombreCanton": "Montes De Oca",
    "nombreProvincia": "San José",
    "descripcion": "Pantalla de 55 pulgadas"
  },
  {
    "creacion": "2019-12-10 09:50:45",
    "precio": 14575.0,
    "calificacion": 0,
    "productoAsociado": "Televisor LED",
    "usuarioCreador": "Usuario1*",
    "nombreTienda": "Supermercado Central",
    "nombreDistrito": "San Pedro",
    "nombreCanton": "Montes De Oca",
    "nombreProvincia": "San José",
    "descripcion": "Resolución 4K"
  },
  {
    "creacion": "2020-04-02 13:30:55",
    "precio": 14700.0,
    "calificacion": 0,
    "productoAsociado": "Televisor LED",
    "usuarioCreador": "Usuario1*",
    "nombreTienda": "Supermercado Central",
    "nombreDistrito": "San Pedro",
    "nombreCanton": "Montes De Oca",
    "nombreProvincia": "San José",
    "descripcion": "Montaje en pared"
  },
  {
    "creacion": "2021-06-28 10:45:20",
    "precio": 14650.0,
    "calificacion": 0,
    "productoAsociado": "Televisor LED",
    "usuarioCreador": "Usuario1*",
    "nombreTienda": "Supermercado Central",
    "nombreDistrito": "San Pedro",
    "nombreCanton": "Montes De Oca",
    "nombreProvincia": "San José",
    "descripcion": "Sonido Dolby Atmos"
  },
  {
    "creacion": "2019-09-02 13:55:18",
    "precio": 16000.0,
    "calificacion": 0,
    "productoAsociado": "Tableta",
    "usuarioCreador": "Usuario1*",
    "nombreTienda": "MegaMart",
    "nombreDistrito": "Escazú",
    "nombreCanton": "Escazú",
    "nombreProvincia": "San José",
    "descripcion": "Alta resolución"
  },
  {
    "creacion": "2021-06-20 11:30:25",
    "precio": 15850.0,
    "calificacion": 0,
    "productoAsociado": "Tableta",
    "usuarioCreador": "Usuario1*",
    "nombreTienda": "MegaMart",
    "nombreDistrito": "Escazú",
    "nombreCanton": "Escazú",
    "nombreProvincia": "San José",
    "descripcion": "Procesador Quad-Core"
  },
  {
    "creacion": "2020-10-15 14:25:40",
    "precio": 15975.0,
    "calificacion": 0,
    "productoAsociado": "Tableta",
    "usuarioCreador": "Usuario1*",
    "nombreTienda": "MegaMart",
    "nombreDistrito": "Escazú",
    "nombreCanton": "Escazú",
    "nombreProvincia": "San José",
    "descripcion": "Pantalla de alta resolución"
  },
  {
    "creacion": "2019-07-28 13:15:55",
    "precio": 16125.0,
    "calificacion": 0,
    "productoAsociado": "Tableta",
    "usuarioCreador": "Usuario1*",
    "nombreTienda": "MegaMart",
    "nombreDistrito": "Escazú",
    "nombreCanton": "Escazú",
    "nombreProvincia": "San José",
    "descripcion": "Diseño delgado"
  },
  {
    "creacion": "2021-02-05 10:40:30",
    "precio": 15900.0,
    "calificacion": 0,
    "productoAsociado": "Tableta",
    "usuarioCreador": "Usuario1*",
    "nombreTienda": "MegaMart",
    "nombreDistrito": "Escazú",
    "nombreCanton": "Escazú",
    "nombreProvincia": "San José",
    "descripcion": "Alto rendimiento"
  },
  {
    "creacion": "2020-08-10 09:50:15",
    "precio": 16075.0,
    "calificacion": 0,
    "productoAsociado": "Tableta",
    "usuarioCreador": "Usuario1*",
    "nombreTienda": "MegaMart",
    "nombreDistrito": "Escazú",
    "nombreCanton": "Escazú",
    "nombreProvincia": "San José",
    "descripcion": "Pantalla grande"
  },
  {
    "creacion": "2021-01-12 12:55:50",
    "precio": 16025.0,
    "calificacion": 0,
    "productoAsociado": "Tableta",
    "usuarioCreador": "Usuario1*",
    "nombreTienda": "MegaMart",
    "nombreDistrito": "Escazú",
    "nombreCanton": "Escazú",
    "nombreProvincia": "San José",
    "descripcion": "Larga duración de la batería"
  },
  {
    "creacion": "2020-06-15 14:20:35",
    "precio": 16050.0,
    "calificacion": 0,
    "productoAsociado": "Tableta",
    "usuarioCreador": "Usuario1*",
    "nombreTienda": "MegaMart",
    "nombreDistrito": "Escazú",
    "nombreCanton": "Escazú",
    "nombreProvincia": "San José",
    "descripcion": "Gráficos de alto rendimiento"
  },
  {
    "creacion": "2019-12-18 16:05:20",
    "precio": 15950.0,
    "calificacion": 0,
    "productoAsociado": "Tableta",
    "usuarioCreador": "Usuario1*",
    "nombreTienda": "MegaMart",
    "nombreDistrito": "Escazú",
    "nombreCanton": "Escazú",
    "nombreProvincia": "San José",
    "descripcion": "Amplio almacenamiento"
  },
  {
    "creacion": "2020-04-25 10:10:45",
    "precio": 16100.0,
    "calificacion": 0,
    "productoAsociado": "Tableta",
    "usuarioCreador": "Usuario1*",
    "nombreTienda": "MegaMart",
    "nombreDistrito": "Escazú",
    "nombreCanton": "Escazú",
    "nombreProvincia": "San José",
    "descripcion": "Diseño elegante"
  },
  {
    "creacion": "2021-05-30 15:30:10",
    "precio": 15925.0,
    "calificacion": 0,
    "productoAsociado": "Tableta",
    "usuarioCreador": "Usuario1*",
    "nombreTienda": "MegaMart",
    "nombreDistrito": "Escazú",
    "nombreCanton": "Escazú",
    "nombreProvincia": "San José",
    "descripcion": "Pantalla táctil receptiva"
  },
  {
    "creacion": "2019-09-03 14:30:22",
    "precio": 15000.0,
    "calificacion": 0,
    "productoAsociado": "Película en Blu-ray",
    "usuarioCreador": "Usuario1*",
    "nombreTienda": "Pura Vida Grocery",
    "nombreDistrito": "Santa Ana",
    "nombreCanton": "Santa Ana",
    "nombreProvincia": "San José",
    "descripcion": "Edición especial"
  },
  {
    "creacion": "2021-03-15 10:40:55",
    "precio": 15250.0,
    "calificacion": 0,
    "productoAsociado": "Película en Blu-ray",
    "usuarioCreador": "Usuario1*",
    "nombreTienda": "Pura Vida Grocery",
    "nombreDistrito": "Santa Ana",
    "nombreCanton": "Santa Ana",
    "nombreProvincia": "San José",
    "descripcion": "Colección de aniversario"
  },
  {
    "creacion": "2020-09-28 12:15:30",
    "precio": 15500.0,
    "calificacion": 0,
    "productoAsociado": "Película en Blu-ray",
    "usuarioCreador": "Usuario1*",
    "nombreTienda": "Pura Vida Grocery",
    "nombreDistrito": "Santa Ana",
    "nombreCanton": "Santa Ana",
    "nombreProvincia": "San José",
    "descripcion": "Incluye escenas eliminadas"
  },
  {
    "creacion": "2019-07-02 09:25:10",
    "precio": 15375.0,
    "calificacion": 0,
    "productoAsociado": "Película en Blu-ray",
    "usuarioCreador": "Usuario1*",
    "nombreTienda": "Pura Vida Grocery",
    "nombreDistrito": "Santa Ana",
    "nombreCanton": "Santa Ana",
    "nombreProvincia": "San José",
    "descripcion": "Formato de alta definición"
  },
  {
    "creacion": "2021-01-10 14:35:45",
    "precio": 15075.0,
    "calificacion": 0,
    "productoAsociado": "Película en Blu-ray",
    "usuarioCreador": "Usuario1*",
    "nombreTienda": "Pura Vida Grocery",
    "nombreDistrito": "Santa Ana",
    "nombreCanton": "Santa Ana",
    "nombreProvincia": "San José",
    "descripcion": "Versión remasterizada"
  },
  {
    "creacion": "2020-06-25 13:50:20",
    "precio": 15125.0,
    "calificacion": 0,
    "productoAsociado": "Película en Blu-ray",
    "usuarioCreador": "Usuario1*",
    "nombreTienda": "Pura Vida Grocery",
    "nombreDistrito": "Santa Ana",
    "nombreCanton": "Santa Ana",
    "nombreProvincia": "San José",
    "descripcion": "Edición de coleccionista"
  },
  {
    "creacion": "2021-04-12 10:10:30",
    "precio": 15425.0,
    "calificacion": 0,
    "productoAsociado": "Película en Blu-ray",
    "usuarioCreador": "Usuario1*",
    "nombreTienda": "Pura Vida Grocery",
    "nombreDistrito": "Santa Ana",
    "nombreCanton": "Santa Ana",
    "nombreProvincia": "San José",
    "descripcion": "Comentario del director"
  },
  {
    "creacion": "2020-11-05 11:55:15",
    "precio": 15200.0,
    "calificacion": 0,
    "productoAsociado": "Película en Blu-ray",
    "usuarioCreador": "Usuario1*",
    "nombreTienda": "Pura Vida Grocery",
    "nombreDistrito": "Santa Ana",
    "nombreCanton": "Santa Ana",
    "nombreProvincia": "San José",
    "descripcion": "Escenas detrás de cámaras"
  },
  {
    "creacion": "2020-01-30 14:20:55",
    "precio": 15350.0,
    "calificacion": 0,
    "productoAsociado": "Película en Blu-ray",
    "usuarioCreador": "Usuario1*",
    "nombreTienda": "Pura Vida Grocery",
    "nombreDistrito": "Santa Ana",
    "nombreCanton": "Santa Ana",
    "nombreProvincia": "San José",
    "descripcion": "Doblaje en varios idiomas"
  },
  {
    "creacion": "2019-08-15 09:45:40",
    "precio": 15475.0,
    "calificacion": 0,
    "productoAsociado": "Película en Blu-ray",
    "usuarioCreador": "Usuario1*",
    "nombreTienda": "Pura Vida Grocery",
    "nombreDistrito": "Santa Ana",
    "nombreCanton": "Santa Ana",
    "nombreProvincia": "San José",
    "descripcion": "Escenas adicionales"
  },
  {
    "creacion": "2021-07-20 12:30:25",
    "precio": 15600.0,
    "calificacion": 0,
    "productoAsociado": "Película en Blu-ray",
    "usuarioCreador": "Usuario1*",
    "nombreTienda": "Pura Vida Grocery",
    "nombreDistrito": "Santa Ana",
    "nombreCanton": "Santa Ana",
    "nombreProvincia": "San José",
    "descripcion": "Banda sonora original"
  },
  {
    "creacion": "2019-09-03 15:40:45",
    "precio": 13000.0,
    "calificacion": 0,
    "productoAsociado": "Videojuego",
    "usuarioCreador": "Usuario1*",
    "nombreTienda": "Costa Rica Market",
    "nombreDistrito": "Alajuela",
    "nombreCanton": "Alajuela",
    "nombreProvincia": "Alajuela",
    "descripcion": "Última versión"
  },
  {
    "creacion": "2021-03-12 11:25:50",
    "precio": 13200.0,
    "calificacion": 0,
    "productoAsociado": "Videojuego",
    "usuarioCreador": "Usuario1*",
    "nombreTienda": "Costa Rica Market",
    "nombreDistrito": "Alajuela",
    "nombreCanton": "Alajuela",
    "nombreProvincia": "Alajuela",
    "descripcion": "Incluye contenido adicional"
  },
  {
    "creacion": "2020-09-28 15:10:30",
    "precio": 13500.0,
    "calificacion": 0,
    "productoAsociado": "Videojuego",
    "usuarioCreador": "Usuario1*",
    "nombreTienda": "Costa Rica Market",
    "nombreDistrito": "Alajuela",
    "nombreCanton": "Alajuela",
    "nombreProvincia": "Alajuela",
    "descripcion": "Edición de coleccionista"
  },
  {
    "creacion": "2019-07-05 09:55:15",
    "precio": 13375.0,
    "calificacion": 0,
    "productoAsociado": "Videojuego",
    "usuarioCreador": "Usuario1*",
    "nombreTienda": "Costa Rica Market",
    "nombreDistrito": "Alajuela",
    "nombreCanton": "Alajuela",
    "nombreProvincia": "Alajuela",
    "descripcion": "Multijugador en línea"
  },
  {
    "creacion": "2021-01-18 14:45:25",
    "precio": 13175.0,
    "calificacion": 0,
    "productoAsociado": "Videojuego",
    "usuarioCreador": "Usuario1*",
    "nombreTienda": "Costa Rica Market",
    "nombreDistrito": "Alajuela",
    "nombreCanton": "Alajuela",
    "nombreProvincia": "Alajuela",
    "descripcion": "Misiones adicionales"
  },
  {
    "creacion": "2020-06-22 10:20:40",
    "precio": 13125.0,
    "calificacion": 0,
    "productoAsociado": "Videojuego",
    "usuarioCreador": "Usuario1*",
    "nombreTienda": "Costa Rica Market",
    "nombreDistrito": "Alajuela",
    "nombreCanton": "Alajuela",
    "nombreProvincia": "Alajuela",
    "descripcion": "Actualizaciones frecuentes"
  },
  {
    "creacion": "2021-04-08 11:30:35",
    "precio": 13425.0,
    "calificacion": 0,
    "productoAsociado": "Videojuego",
    "usuarioCreador": "Usuario1*",
    "nombreTienda": "Costa Rica Market",
    "nombreDistrito": "Alajuela",
    "nombreCanton": "Alajuela",
    "nombreProvincia": "Alajuela",
    "descripcion": "Modo de juego único"
  },
  {
    "creacion": "2020-11-02 12:15:20",
    "precio": 13200.0,
    "calificacion": 0,
    "productoAsociado": "Videojuego",
    "usuarioCreador": "Usuario1*",
    "nombreTienda": "Costa Rica Market",
    "nombreDistrito": "Alajuela",
    "nombreCanton": "Alajuela",
    "nombreProvincia": "Alajuela",
    "descripcion": "Gráficos mejorados"
  },
  {
    "creacion": "2020-01-25 15:05:55",
    "precio": 13350.0,
    "calificacion": 0,
    "productoAsociado": "Videojuego",
    "usuarioCreador": "Usuario1*",
    "nombreTienda": "Costa Rica Market",
    "nombreDistrito": "Alajuela",
    "nombreCanton": "Alajuela",
    "nombreProvincia": "Alajuela",
    "descripcion": "Mundo abierto"
  },
  {
    "creacion": "2019-08-10 10:50:45",
    "precio": 13475.0,
    "calificacion": 0,
    "productoAsociado": "Videojuego",
    "usuarioCreador": "Usuario1*",
    "nombreTienda": "Costa Rica Market",
    "nombreDistrito": "Alajuela",
    "nombreCanton": "Alajuela",
    "nombreProvincia": "Alajuela",
    "descripcion": "Expansión disponible"
  },
  {
    "creacion": "2021-07-15 13:40:25",
    "precio": 13600.0,
    "calificacion": 0,
    "productoAsociado": "Videojuego",
    "usuarioCreador": "Usuario1*",
    "nombreTienda": "Costa Rica Market",
    "nombreDistrito": "Alajuela",
    "nombreCanton": "Alajuela",
    "nombreProvincia": "Alajuela",
    "descripcion": "Juego del año"
  },
  {
    "creacion": "2019-09-04 09:55:18",
    "precio": 11000.0,
    "calificacion": 0,
    "productoAsociado": "Termómetro Digital",
    "usuarioCreador": "Usuario1*",
    "nombreTienda": "La Tiendita",
    "nombreDistrito": "Carmen",
    "nombreCanton": "Cartago",
    "nombreProvincia": "Cartago",
    "descripcion": "Medición precisa"
  },
  {
    "creacion": "2020-12-20 08:40:55",
    "precio": 11500.0,
    "calificacion": 0,
    "productoAsociado": "Termómetro Digital",
    "usuarioCreador": "Usuario1*",
    "nombreTienda": "La Tiendita",
    "nombreDistrito": "Carmen",
    "nombreCanton": "Cartago",
    "nombreProvincia": "Cartago",
    "descripcion": "Alta precisión"
  },
  {
    "creacion": "2021-02-15 11:20:30",
    "precio": 11250.0,
    "calificacion": 0,
    "productoAsociado": "Termómetro Digital",
    "usuarioCreador": "Usuario1*",
    "nombreTienda": "La Tiendita",
    "nombreDistrito": "Carmen",
    "nombreCanton": "Cartago",
    "nombreProvincia": "Cartago",
    "descripcion": "Rápido y confiable"
  },
  {
    "creacion": "2020-10-05 09:15:40",
    "precio": 11375.0,
    "calificacion": 0,
    "productoAsociado": "Termómetro Digital",
    "usuarioCreador": "Usuario1*",
    "nombreTienda": "La Tiendita",
    "nombreDistrito": "Carmen",
    "nombreCanton": "Cartago",
    "nombreProvincia": "Cartago",
    "descripcion": "Fácil de usar"
  },
  {
    "creacion": "2021-01-30 08:55:25",
    "precio": 11125.0,
    "calificacion": 0,
    "productoAsociado": "Termómetro Digital",
    "usuarioCreador": "Usuario1*",
    "nombreTienda": "La Tiendita",
    "nombreDistrito": "Carmen",
    "nombreCanton": "Cartago",
    "nombreProvincia": "Cartago",
    "descripcion": "Pantalla digital"
  },
  {
    "creacion": "2020-11-18 10:30:40",
    "precio": 11350.0,
    "calificacion": 0,
    "productoAsociado": "Termómetro Digital",
    "usuarioCreador": "Usuario1*",
    "nombreTienda": "La Tiendita",
    "nombreDistrito": "Carmen",
    "nombreCanton": "Cartago",
    "nombreProvincia": "Cartago",
    "descripcion": "Lecturas precisas"
  },
  {
    "creacion": "2021-04-05 12:45:35",
    "precio": 11475.0,
    "calificacion": 0,
    "productoAsociado": "Termómetro Digital",
    "usuarioCreador": "Usuario1*",
    "nombreTienda": "La Tiendita",
    "nombreDistrito": "Carmen",
    "nombreCanton": "Cartago",
    "nombreProvincia": "Cartago",
    "descripcion": "Diseño compacto"
  },
  {
    "creacion": "2020-09-12 09:10:20",
    "precio": 11300.0,
    "calificacion": 0,
    "productoAsociado": "Termómetro Digital",
    "usuarioCreador": "Usuario1*",
    "nombreTienda": "La Tiendita",
    "nombreDistrito": "Carmen",
    "nombreCanton": "Cartago",
    "nombreProvincia": "Cartago",
    "descripcion": "Apagado automático"
  },
  {
    "creacion": "2021-03-25 14:20:15",
    "precio": 11200.0,
    "calificacion": 0,
    "productoAsociado": "Termómetro Digital",
    "usuarioCreador": "Usuario1*",
    "nombreTienda": "La Tiendita",
    "nombreDistrito": "Carmen",
    "nombreCanton": "Cartago",
    "nombreProvincia": "Cartago",
    "descripcion": "Batería incluida"
  },
  {
    "creacion": "2020-08-28 08:05:55",
    "precio": 11425.0,
    "calificacion": 0,
    "productoAsociado": "Termómetro Digital",
    "usuarioCreador": "Usuario1*",
    "nombreTienda": "La Tiendita",
    "nombreDistrito": "Carmen",
    "nombreCanton": "Cartago",
    "nombreProvincia": "Cartago",
    "descripcion": "Lectura rápida"
  },
  {
    "creacion": "2021-05-10 13:35:50",
    "precio": 11175.0,
    "calificacion": 0,
    "productoAsociado": "Termómetro Digital",
    "usuarioCreador": "Usuario1*",
    "nombreTienda": "Walmart",
    "nombreDistrito": "Carmen",
    "nombreCanton": "San José",
    "nombreProvincia": "San José",
    "descripcion": "Precisión garantizada"
  },
  {
    "creacion": "2019-09-04 11:10:30",
    "precio": 12000.0,
    "calificacion": 0,
    "productoAsociado": "Vitaminas",
    "usuarioCreador": "Usuario1*",
    "nombreTienda": "Walmart",
    "nombreDistrito": "Carmen",
    "nombreCanton": "San José",
    "nombreProvincia": "San José",
    "descripcion": "Suplemento saludable"
  },
  {
    "creacion": "2021-01-15 14:25:55",
    "precio": 11500.0,
    "calificacion": 0,
    "productoAsociado": "Vitaminas",
    "usuarioCreador": "Usuario1*",
    "nombreTienda": "Compras Felices",
    "nombreDistrito": "Liberia",
    "nombreCanton": "Liberia",
    "nombreProvincia": "Guanacaste",
    "descripcion": "Mejora la salud"
  },
  {
    "creacion": "2020-12-20 09:35:40",
    "precio": 11250.0,
    "calificacion": 0,
    "productoAsociado": "Vitaminas",
    "usuarioCreador": "Usuario1*",
    "nombreTienda": "Compras Felices",
    "nombreDistrito": "Liberia",
    "nombreCanton": "Liberia",
    "nombreProvincia": "Guanacaste",
    "descripcion": "Efecto positivo"
  },
  {
    "creacion": "2021-02-05 10:15:30",
    "precio": 11375.0,
    "calificacion": 0,
    "productoAsociado": "Vitaminas",
    "usuarioCreador": "Usuario1*",
    "nombreTienda": "Compras Felices",
    "nombreDistrito": "Liberia",
    "nombreCanton": "Liberia",
    "nombreProvincia": "Guanacaste",
    "descripcion": "Fórmula especial"
  },
  {
    "creacion": "2020-11-28 08:45:20",
    "precio": 11125.0,
    "calificacion": 0,
    "productoAsociado": "Vitaminas",
    "usuarioCreador": "Usuario1*",
    "nombreTienda": "Compras Felices",
    "nombreDistrito": "Liberia",
    "nombreCanton": "Liberia",
    "nombreProvincia": "Guanacaste",
    "descripcion": "Aumenta la energía"
  },
  {
    "creacion": "2021-03-10 12:50:15",
    "precio": 11350.0,
    "calificacion": 0,
    "productoAsociado": "Vitaminas",
    "usuarioCreador": "Usuario1*",
    "nombreTienda": "Compras Felices",
    "nombreDistrito": "Liberia",
    "nombreCanton": "Liberia",
    "nombreProvincia": "Guanacaste",
    "descripcion": "Salud óptima"
  },
  {
    "creacion": "2020-10-15 09:05:10",
    "precio": 11475.0,
    "calificacion": 0,
    "productoAsociado": "Vitaminas",
    "usuarioCreador": "Usuario1*",
    "nombreTienda": "Compras Felices",
    "nombreDistrito": "Liberia",
    "nombreCanton": "Liberia",
    "nombreProvincia": "Guanacaste",
    "descripcion": "Fortalece el sistema"
  },
  {
    "creacion": "2021-04-25 14:30:05",
    "precio": 11300.0,
    "calificacion": 0,
    "productoAsociado": "Vitaminas",
    "usuarioCreador": "Usuario1*",
    "nombreTienda": "Compras Felices",
    "nombreDistrito": "Liberia",
    "nombreCanton": "Liberia",
    "nombreProvincia": "Guanacaste",
    "descripcion": "Ingredientes naturales"
  },
  {
    "creacion": "2020-09-05 08:20:50",
    "precio": 11200.0,
    "calificacion": 0,
    "productoAsociado": "Vitaminas",
    "usuarioCreador": "Usuario1*",
    "nombreTienda": "Compras Felices",
    "nombreDistrito": "Liberia",
    "nombreCanton": "Liberia",
    "nombreProvincia": "Guanacaste",
    "descripcion": "Mejora el sistema inmunológico"
  },
  {
    "creacion": "2021-05-05 13:55:35",
    "precio": 11425.0,
    "calificacion": 0,
    "productoAsociado": "Vitaminas",
    "usuarioCreador": "Usuario1*",
    "nombreTienda": "Compras Felices",
    "nombreDistrito": "Liberia",
    "nombreCanton": "Liberia",
    "nombreProvincia": "Guanacaste",
    "descripcion": "Suplemento natural"
  },
  {
    "creacion": "2020-08-15 11:15:25",
    "precio": 11175.0,
    "calificacion": 0,
    "productoAsociado": "Vitaminas",
    "usuarioCreador": "Usuario1*",
    "nombreTienda": "Compras Felices",
    "nombreDistrito": "Liberia",
    "nombreCanton": "Liberia",
    "nombreProvincia": "Guanacaste",
    "descripcion": "Mejora la salud"
  },
  {
    "creacion": "2019-09-05 13:20:55",
    "precio": 14000.0,
    "calificacion": 0,
    "productoAsociado": "Detergente",
    "usuarioCreador": "Usuario1*",
    "nombreTienda": "Tienda Tico",
    "nombreDistrito": "Puntarenas",
    "nombreCanton": "Puntarenas",
    "nombreProvincia": "Puntarenas",
    "descripcion": "Limpieza efectiva"
  },
  {
    "creacion": "2020-11-10 14:45:30",
    "precio": 13600.0,
    "calificacion": 0,
    "productoAsociado": "Detergente",
    "usuarioCreador": "Usuario1*",
    "nombreTienda": "Walmart",
    "nombreDistrito": "Carmen",
    "nombreCanton": "San José",
    "nombreProvincia": "San José",
    "descripcion": "Elimina manchas difíciles"
  },
  {
    "creacion": "2020-10-15 12:30:40",
    "precio": 14200.0,
    "calificacion": 0,
    "productoAsociado": "Detergente",
    "usuarioCreador": "Usuario1*",
    "nombreTienda": "Tienda Tico",
    "nombreDistrito": "Puntarenas",
    "nombreCanton": "Puntarenas",
    "nombreProvincia": "Puntarenas",
    "descripcion": "Fórmula concentrada"
  },
  {
    "creacion": "2020-12-05 15:10:20",
    "precio": 13850.0,
    "calificacion": 0,
    "productoAsociado": "Detergente",
    "usuarioCreador": "Usuario1*",
    "nombreTienda": "Tienda Tico",
    "nombreDistrito": "Puntarenas",
    "nombreCanton": "Puntarenas",
    "nombreProvincia": "Puntarenas",
    "descripcion": "Aroma fresco"
  },
  {
    "creacion": "2021-01-20 11:25:55",
    "precio": 13475.0,
    "calificacion": 0,
    "productoAsociado": "Detergente",
    "usuarioCreador": "Usuario1*",
    "nombreTienda": "Tienda Tico",
    "nombreDistrito": "Puntarenas",
    "nombreCanton": "Puntarenas",
    "nombreProvincia": "Puntarenas",
    "descripcion": "Limpieza profunda"
  },
  {
    "creacion": "2020-09-10 09:15:45",
    "precio": 13125.0,
    "calificacion": 0,
    "productoAsociado": "Detergente",
    "usuarioCreador": "Usuario1*",
    "nombreTienda": "Tienda Tico",
    "nombreDistrito": "Puntarenas",
    "nombreCanton": "Puntarenas",
    "nombreProvincia": "Puntarenas",
    "descripcion": "Elimina las manchas más difíciles"
  },
  {
    "creacion": "2021-02-15 10:30:35",
    "precio": 13700.0,
    "calificacion": 0,
    "productoAsociado": "Detergente",
    "usuarioCreador": "Usuario1*",
    "nombreTienda": "Tienda Tico",
    "nombreDistrito": "Puntarenas",
    "nombreCanton": "Puntarenas",
    "nombreProvincia": "Puntarenas",
    "descripcion": "Limpieza efectiva"
  },
  {
    "creacion": "2020-08-20 13:40:25",
    "precio": 13550.0,
    "calificacion": 0,
    "productoAsociado": "Detergente",
    "usuarioCreador": "Usuario1*",
    "nombreTienda": "Tienda Tico",
    "nombreDistrito": "Puntarenas",
    "nombreCanton": "Puntarenas",
    "nombreProvincia": "Puntarenas",
    "descripcion": "Fórmula avanzada"
  },
  {
    "creacion": "2021-03-05 14:50:15",
    "precio": 13275.0,
    "calificacion": 0,
    "productoAsociado": "Detergente",
    "usuarioCreador": "Usuario1*",
    "nombreTienda": "Tienda Tico",
    "nombreDistrito": "Puntarenas",
    "nombreCanton": "Puntarenas",
    "nombreProvincia": "Puntarenas",
    "descripcion": "Fórmula concentrada"
  },
  {
    "creacion": "2020-07-25 09:55:50",
    "precio": 13750.0,
    "calificacion": 0,
    "productoAsociado": "Detergente",
    "usuarioCreador": "Usuario1*",
    "nombreTienda": "Tienda Tico",
    "nombreDistrito": "Puntarenas",
    "nombreCanton": "Puntarenas",
    "nombreProvincia": "Puntarenas",
    "descripcion": "Aroma fresco"
  },
  {
    "creacion": "2021-04-10 11:15:10",
    "precio": 13325.0,
    "calificacion": 0,
    "productoAsociado": "Detergente",
    "usuarioCreador": "Usuario1*",
    "nombreTienda": "Tienda Tico",
    "nombreDistrito": "Puntarenas",
    "nombreCanton": "Puntarenas",
    "nombreProvincia": "Puntarenas",
    "descripcion": "Limpieza profunda"
  },
  {
    "creacion": "2019-09-05 14:35:10",
    "precio": 16000.0,
    "calificacion": 0,
    "productoAsociado": "Bolsas de Basura",
    "usuarioCreador": "Usuario1*",
    "nombreTienda": "Walmart",
    "nombreDistrito": "Carmen",
    "nombreCanton": "San José",
    "nombreProvincia": "San José",
    "descripcion": "Resistentes"
  },
  {
    "creacion": "2020-11-20 10:45:30",
    "precio": 15500.0,
    "calificacion": 0,
    "productoAsociado": "Bolsas de Basura",
    "usuarioCreador": "Usuario1*",
    "nombreTienda": "Central Plaza",
    "nombreDistrito": "Limón",
    "nombreCanton": "Limón",
    "nombreProvincia": "Limón",
    "descripcion": "Extra resistentes"
  },
  {
    "creacion": "2020-10-25 12:30:40",
    "precio": 16200.0,
    "calificacion": 0,
    "productoAsociado": "Bolsas de Basura",
    "usuarioCreador": "Usuario1*",
    "nombreTienda": "Central Plaza",
    "nombreDistrito": "Limón",
    "nombreCanton": "Limón",
    "nombreProvincia": "Limón",
    "descripcion": "Ecológicas"
  },
  {
    "creacion": "2020-12-15 15:10:20",
    "precio": 15850.0,
    "calificacion": 0,
    "productoAsociado": "Bolsas de Basura",
    "usuarioCreador": "Usuario1*",
    "nombreTienda": "Central Plaza",
    "nombreDistrito": "Limón",
    "nombreCanton": "Limón",
    "nombreProvincia": "Limón",
    "descripcion": "Gran capacidad"
  },
  {
    "creacion": "2021-01-30 11:25:55",
    "precio": 15475.0,
    "calificacion": 0,
    "productoAsociado": "Bolsas de Basura",
    "usuarioCreador": "Usuario1*",
    "nombreTienda": "Central Plaza",
    "nombreDistrito": "Limón",
    "nombreCanton": "Limón",
    "nombreProvincia": "Limón",
    "descripcion": "Respetuosas del medio ambiente"
  },
  {
    "creacion": "2020-09-15 09:15:45",
    "precio": 15125.0,
    "calificacion": 0,
    "productoAsociado": "Bolsas de Basura",
    "usuarioCreador": "Usuario1*",
    "nombreTienda": "Central Plaza",
    "nombreDistrito": "Limón",
    "nombreCanton": "Limón",
    "nombreProvincia": "Limón",
    "descripcion": "Resistentes al desgarro"
  },
  {
    "creacion": "2021-02-20 10:30:35",
    "precio": 15700.0,
    "calificacion": 0,
    "productoAsociado": "Bolsas de Basura",
    "usuarioCreador": "Usuario1*",
    "nombreTienda": "Central Plaza",
    "nombreDistrito": "Limón",
    "nombreCanton": "Limón",
    "nombreProvincia": "Limón",
    "descripcion": "Diseño moderno"
  },
  {
    "creacion": "2020-08-25 13:40:25",
    "precio": 15550.0,
    "calificacion": 0,
    "productoAsociado": "Bolsas de Basura",
    "usuarioCreador": "Usuario1*",
    "nombreTienda": "Central Plaza",
    "nombreDistrito": "Limón",
    "nombreCanton": "Limón",
    "nombreProvincia": "Limón",
    "descripcion": "Fácil de usar"
  },
  {
    "creacion": "2021-03-10 14:50:15",
    "precio": 15275.0,
    "calificacion": 0,
    "productoAsociado": "Bolsas de Basura",
    "usuarioCreador": "Usuario1*",
    "nombreTienda": "Central Plaza",
    "nombreDistrito": "Limón",
    "nombreCanton": "Limón",
    "nombreProvincia": "Limón",
    "descripcion": "Duraderas"
  },
  {
    "creacion": "2020-07-30 09:55:50",
    "precio": 15750.0,
    "calificacion": 0,
    "productoAsociado": "Bolsas de Basura",
    "usuarioCreador": "Usuario1*",
    "nombreTienda": "Central Plaza",
    "nombreDistrito": "Limón",
    "nombreCanton": "Limón",
    "nombreProvincia": "Limón",
    "descripcion": "Biodegradables"
  },
  {
    "creacion": "2021-04-15 11:15:10",
    "precio": 15325.0,
    "calificacion": 0,
    "productoAsociado": "Bolsas de Basura",
    "usuarioCreador": "Usuario1*",
    "nombreTienda": "Walmart",
    "nombreDistrito": "Carmen",
    "nombreCanton": "San José",
    "nombreProvincia": "San José",
    "descripcion": "Resistentes al agua"
  },
  {
    "creacion": "2019-09-06 10:45:18",
    "precio": 17000.0,
    "calificacion": 0,
    "productoAsociado": "Camisa",
    "usuarioCreador": "Usuario1*",
    "nombreTienda": "ShopSmart",
    "nombreDistrito": "San Juan",
    "nombreCanton": "Tibás",
    "nombreProvincia": "San José",
    "descripcion": "Diseño elegante"
  },
  {
    "creacion": "2019-09-06 11:55:30",
    "precio": 19000.0,
    "calificacion": 0,
    "productoAsociado": "Zapatillas Deportivas",
    "usuarioCreador": "Usuario1*",
    "nombreTienda": "EconoMax",
    "nombreDistrito": "Desamparados",
    "nombreCanton": "Desamparados",
    "nombreProvincia": "San José",
    "descripcion": "Comodidad y estilo"
  },
  {
    "creacion": "2019-09-09 09:10:45",
    "precio": 19000.0,
    "calificacion": 0,
    "productoAsociado": "Zapatillas Deportivas",
    "usuarioCreador": "Usuario1*",
    "nombreTienda": "EconoMax",
    "nombreDistrito": "Desamparados",
    "nombreCanton": "Desamparados",
    "nombreProvincia": "San José",
    "descripcion": "Comodidad y estilo"
  },
  {
    "creacion": "2019-09-09 10:20:30",
    "precio": 19050.0,
    "calificacion": 0,
    "productoAsociado": "Zapatillas Deportivas",
    "usuarioCreador": "Usuario1*",
    "nombreTienda": "EconoMax",
    "nombreDistrito": "Desamparados",
    "nombreCanton": "Desamparados",
    "nombreProvincia": "San José",
    "descripcion": "Estilo deportivo"
  },
  {
    "creacion": "2019-09-09 11:30:15",
    "precio": 19100.0,
    "calificacion": 0,
    "productoAsociado": "Zapatillas Deportivas",
    "usuarioCreador": "Usuario1*",
    "nombreTienda": "EconoMax",
    "nombreDistrito": "Desamparados",
    "nombreCanton": "Desamparados",
    "nombreProvincia": "San José",
    "descripcion": "Diseño moderno"
  },
  {
    "creacion": "2019-09-09 12:40:55",
    "precio": 19150.0,
    "calificacion": 0,
    "productoAsociado": "Zapatillas Deportivas",
    "usuarioCreador": "Usuario1*",
    "nombreTienda": "EconoMax",
    "nombreDistrito": "Desamparados",
    "nombreCanton": "Desamparados",
    "nombreProvincia": "San José",
    "descripcion": "Gran comodidad"
  },
  {
    "creacion": "2019-09-09 13:50:40",
    "precio": 19200.0,
    "calificacion": 0,
    "productoAsociado": "Zapatillas Deportivas",
    "usuarioCreador": "Usuario1*",
    "nombreTienda": "EconoMax",
    "nombreDistrito": "Desamparados",
    "nombreCanton": "Desamparados",
    "nombreProvincia": "San José",
    "descripcion": "Estilo único"
  },
  {
    "creacion": "2019-09-09 15:00:25",
    "precio": 19250.0,
    "calificacion": 0,
    "productoAsociado": "Zapatillas Deportivas",
    "usuarioCreador": "Usuario1*",
    "nombreTienda": "Walmart",
    "nombreDistrito": "Carmen",
    "nombreCanton": "San José",
    "nombreProvincia": "San José",
    "descripcion": "Duraderas"
  },
  {
    "creacion": "2019-09-09 16:10:10",
    "precio": 19300.0,
    "calificacion": 0,
    "productoAsociado": "Zapatillas Deportivas",
    "usuarioCreador": "Usuario1*",
    "nombreTienda": "EconoMax",
    "nombreDistrito": "Desamparados",
    "nombreCanton": "Desamparados",
    "nombreProvincia": "San José",
    "descripcion": "Diseño ergonómico"
  },
  {
    "creacion": "2019-09-09 17:20:55",
    "precio": 19350.0,
    "calificacion": 0,
    "productoAsociado": "Zapatillas Deportivas",
    "usuarioCreador": "Usuario1*",
    "nombreTienda": "EconoMax",
    "nombreDistrito": "Desamparados",
    "nombreCanton": "Desamparados",
    "nombreProvincia": "San José",
    "descripcion": "Gran calidad"
  },
  {
    "creacion": "2019-09-09 18:30:40",
    "precio": 19400.0,
    "calificacion": 0,
    "productoAsociado": "Zapatillas Deportivas",
    "usuarioCreador": "Usuario1*",
    "nombreTienda": "EconoMax",
    "nombreDistrito": "Desamparados",
    "nombreCanton": "Desamparados",
    "nombreProvincia": "San José",
    "descripcion": "Estilo deportivo elegante"
  },
  {
    "creacion": "2019-09-09 19:40:25",
    "precio": 19450.0,
    "calificacion": 0,
    "productoAsociado": "Zapatillas Deportivas",
    "usuarioCreador": "Usuario1*",
    "nombreTienda": "EconoMax",
    "nombreDistrito": "Desamparados",
    "nombreCanton": "Desamparados",
    "nombreProvincia": "San José",
    "descripcion": "Comodidad durante todo el día"
  },
  {
    "creacion": "2019-09-07 14:15:45",
    "precio": 11000.0,
    "calificacion": 0,
    "productoAsociado": "Laptop",
    "usuarioCreador": "Usuario1*",
    "nombreTienda": "MegaCompras",
    "nombreDistrito": "Grecia",
    "nombreCanton": "Grecia",
    "nombreProvincia": "Alajuela",
    "descripcion": "Alta velocidad"
  },
  {
    "creacion": "2019-09-10 09:10:45",
    "precio": 11000.0,
    "calificacion": 0,
    "productoAsociado": "Laptop",
    "usuarioCreador": "Usuario1*",
    "nombreTienda": "MegaCompras",
    "nombreDistrito": "Grecia",
    "nombreCanton": "Grecia",
    "nombreProvincia": "Alajuela",
    "descripcion": "Alta velocidad"
  },
  {
    "creacion": "2019-09-10 10:20:30",
    "precio": 11050.0,
    "calificacion": 0,
    "productoAsociado": "Laptop",
    "usuarioCreador": "Usuario1*",
    "nombreTienda": "Walmart",
    "nombreDistrito": "Carmen",
    "nombreCanton": "San José",
    "nombreProvincia": "San José",
    "descripcion": "Portátil y potente"
  },
  {
    "creacion": "2019-09-10 11:30:15",
    "precio": 11100.0,
    "calificacion": 0,
    "productoAsociado": "Laptop",
    "usuarioCreador": "Usuario1*",
    "nombreTienda": "MegaCompras",
    "nombreDistrito": "Grecia",
    "nombreCanton": "Grecia",
    "nombreProvincia": "Alajuela",
    "descripcion": "Pantalla de alta resolución"
  },
  {
    "creacion": "2019-09-10 12:40:55",
    "precio": 11150.0,
    "calificacion": 0,
    "productoAsociado": "Laptop",
    "usuarioCreador": "Usuario1*",
    "nombreTienda": "MegaCompras",
    "nombreDistrito": "Grecia",
    "nombreCanton": "Grecia",
    "nombreProvincia": "Alajuela",
    "descripcion": "Rápida y eficiente"
  },
  {
    "creacion": "2019-09-10 13:50:40",
    "precio": 11200.0,
    "calificacion": 0,
    "productoAsociado": "Laptop",
    "usuarioCreador": "Usuario1*",
    "nombreTienda": "MegaCompras",
    "nombreDistrito": "Grecia",
    "nombreCanton": "Grecia",
    "nombreProvincia": "Alajuela",
    "descripcion": "Diseño elegante"
  },
  {
    "creacion": "2019-09-10 15:00:25",
    "precio": 11250.0,
    "calificacion": 0,
    "productoAsociado": "Laptop",
    "usuarioCreador": "Usuario1*",
    "nombreTienda": "MegaCompras",
    "nombreDistrito": "Grecia",
    "nombreCanton": "Grecia",
    "nombreProvincia": "Alajuela",
    "descripcion": "Alto rendimiento"
  },
  {
    "creacion": "2019-09-10 16:10:10",
    "precio": 11300.0,
    "calificacion": 0,
    "productoAsociado": "Laptop",
    "usuarioCreador": "Usuario1*",
    "nombreTienda": "MegaCompras",
    "nombreDistrito": "Grecia",
    "nombreCanton": "Grecia",
    "nombreProvincia": "Alajuela",
    "descripcion": "Peso ligero"
  },
  {
    "creacion": "2019-09-10 17:20:55",
    "precio": 11350.0,
    "calificacion": 0,
    "productoAsociado": "Laptop",
    "usuarioCreador": "Usuario1*",
    "nombreTienda": "Walmart",
    "nombreDistrito": "Carmen",
    "nombreCanton": "San José",
    "nombreProvincia": "San José",
    "descripcion": "Gran almacenamiento"
  },
  {
    "creacion": "2019-09-10 18:30:40",
    "precio": 11400.0,
    "calificacion": 0,
    "productoAsociado": "Laptop",
    "usuarioCreador": "Usuario1*",
    "nombreTienda": "MegaCompras",
    "nombreDistrito": "Grecia",
    "nombreCanton": "Grecia",
    "nombreProvincia": "Alajuela",
    "descripcion": "Experiencia de usuario superior"
  },
  {
    "creacion": "2019-09-10 19:40:25",
    "precio": 11450.0,
    "calificacion": 0,
    "productoAsociado": "Laptop",
    "usuarioCreador": "Usuario1*",
    "nombreTienda": "MegaCompras",
    "nombreDistrito": "Grecia",
    "nombreCanton": "Grecia",
    "nombreProvincia": "Alajuela",
    "descripcion": "Conexión rápida"
  },
  {
    "creacion": "2019-09-07 15:30:58",
    "precio": 12000.0,
    "calificacion": 0,
    "productoAsociado": "Smartphone",
    "usuarioCreador": "Usuario1*",
    "nombreTienda": "Mall Plaza",
    "nombreDistrito": "Curridabat",
    "nombreCanton": "Curridabat",
    "nombreProvincia": "San José",
    "descripcion": "Pantalla AMOLED"
  },
  {
    "creacion": "2019-09-11 09:10:45",
    "precio": 12000.0,
    "calificacion": 0,
    "productoAsociado": "Smartphone",
    "usuarioCreador": "Usuario1*",
    "nombreTienda": "Mall Plaza",
    "nombreDistrito": "Curridabat",
    "nombreCanton": "Curridabat",
    "nombreProvincia": "San José",
    "descripcion": "Pantalla AMOLED"
  },
  {
    "creacion": "2019-09-11 10:20:30",
    "precio": 12050.0,
    "calificacion": 0,
    "productoAsociado": "Smartphone",
    "usuarioCreador": "Usuario1*",
    "nombreTienda": "Mall Plaza",
    "nombreDistrito": "Curridabat",
    "nombreCanton": "Curridabat",
    "nombreProvincia": "San José",
    "descripcion": "Cámara de alta resolución"
  },
  {
    "creacion": "2019-09-11 11:30:15",
    "precio": 12100.0,
    "calificacion": 0,
    "productoAsociado": "Smartphone",
    "usuarioCreador": "Usuario1*",
    "nombreTienda": "Mall Plaza",
    "nombreDistrito": "Curridabat",
    "nombreCanton": "Curridabat",
    "nombreProvincia": "San José",
    "descripcion": "Rendimiento rápido"
  },
  {
    "creacion": "2019-09-11 12:40:55",
    "precio": 12150.0,
    "calificacion": 0,
    "productoAsociado": "Smartphone",
    "usuarioCreador": "Usuario1*",
    "nombreTienda": "Mall Plaza",
    "nombreDistrito": "Curridabat",
    "nombreCanton": "Curridabat",
    "nombreProvincia": "San José",
    "descripcion": "Diseño elegante"
  },
  {
    "creacion": "2019-09-11 13:50:40",
    "precio": 12200.0,
    "calificacion": 0,
    "productoAsociado": "Smartphone",
    "usuarioCreador": "Usuario1*",
    "nombreTienda": "Mall Plaza",
    "nombreDistrito": "Curridabat",
    "nombreCanton": "Curridabat",
    "nombreProvincia": "San José",
    "descripcion": "Pantalla táctil de alta calidad"
  },
  {
    "creacion": "2019-09-11 15:00:25",
    "precio": 12250.0,
    "calificacion": 0,
    "productoAsociado": "Smartphone",
    "usuarioCreador": "Usuario1*",
    "nombreTienda": "Walmart",
    "nombreDistrito": "Carmen",
    "nombreCanton": "San José",
    "nombreProvincia": "San José",
    "descripcion": "Batería de larga duración"
  },
  {
    "creacion": "2019-09-11 16:10:10",
    "precio": 12300.0,
    "calificacion": 0,
    "productoAsociado": "Smartphone",
    "usuarioCreador": "Usuario1*",
    "nombreTienda": "Mall Plaza",
    "nombreDistrito": "Curridabat",
    "nombreCanton": "Curridabat",
    "nombreProvincia": "San José",
    "descripcion": "Alto rendimiento"
  },
  {
    "creacion": "2019-09-11 17:20:55",
    "precio": 12350.0,
    "calificacion": 0,
    "productoAsociado": "Smartphone",
    "usuarioCreador": "Usuario1*",
    "nombreTienda": "Mall Plaza",
    "nombreDistrito": "Curridabat",
    "nombreCanton": "Curridabat",
    "nombreProvincia": "San José",
    "descripcion": "Conexión rápida"
  },
  {
    "creacion": "2019-09-11 18:30:40",
    "precio": 12400.0,
    "calificacion": 0,
    "productoAsociado": "Smartphone",
    "usuarioCreador": "Usuario1*",
    "nombreTienda": "Mall Plaza",
    "nombreDistrito": "Curridabat",
    "nombreCanton": "Curridabat",
    "nombreProvincia": "San José",
    "descripcion": "Diseño delgado"
  },
  {
    "creacion": "2019-09-11 19:40:25",
    "precio": 12450.0,
    "calificacion": 0,
    "productoAsociado": "Smartphone",
    "usuarioCreador": "Usuario1*",
    "nombreTienda": "Mall Plaza",
    "nombreDistrito": "Curridabat",
    "nombreCanton": "Curridabat",
    "nombreProvincia": "San José",
    "descripcion": "Pantalla vibrante"
  },
  {
    "creacion": "2019-09-08 09:50:15",
    "precio": 13000.0,
    "calificacion": 0,
    "productoAsociado": "Libro",
    "usuarioCreador": "Usuario1*",
    "nombreTienda": "Tienda del Pueblo",
    "nombreDistrito": "Heredia",
    "nombreCanton": "Heredia",
    "nombreProvincia": "Heredia",
    "descripcion": "Best seller"
  },
  {
    "creacion": "2019-09-08 10:45:30",
    "precio": 14000.0,
    "calificacion": 0,
    "productoAsociado": "Puzzle",
    "usuarioCreador": "Usuario1*",
    "nombreTienda": "Pacific Market",
    "nombreDistrito": "Jacó",
    "nombreCanton": "Garabito",
    "nombreProvincia": "Puntarenas",
    "descripcion": "Diversión en familia"
  },
  {
    "creacion": "2019-09-13 11:30:45",
    "precio": 14000.0,
    "calificacion": 0,
    "productoAsociado": "Puzzle",
    "usuarioCreador": "Usuario1*",
    "nombreTienda": "Pacific Market",
    "nombreDistrito": "Jacó",
    "nombreCanton": "Garabito",
    "nombreProvincia": "Puntarenas",
    "descripcion": "Diversión en familia"
  },
  {
    "creacion": "2019-09-13 12:40:58",
    "precio": 14050.0,
    "calificacion": 0,
    "productoAsociado": "Puzzle",
    "usuarioCreador": "Usuario1*",
    "nombreTienda": "Pacific Market",
    "nombreDistrito": "Jacó",
    "nombreCanton": "Garabito",
    "nombreProvincia": "Puntarenas",
    "descripcion": "Rompecabezas desafiante"
  },
  {
    "creacion": "2019-09-13 13:55:18",
    "precio": 14100.0,
    "calificacion": 0,
    "productoAsociado": "Puzzle",
    "usuarioCreador": "Usuario1*",
    "nombreTienda": "Pacific Market",
    "nombreDistrito": "Jacó",
    "nombreCanton": "Garabito",
    "nombreProvincia": "Puntarenas",
    "descripcion": "Para todas las edades"
  },
  {
    "creacion": "2019-09-13 15:10:30",
    "precio": 14150.0,
    "calificacion": 0,
    "productoAsociado": "Puzzle",
    "usuarioCreador": "Usuario1*",
    "nombreTienda": "Pacific Market",
    "nombreDistrito": "Jacó",
    "nombreCanton": "Garabito",
    "nombreProvincia": "Puntarenas",
    "descripcion": "Horas de entretenimiento"
  },
  {
    "creacion": "2019-09-13 16:25:45",
    "precio": 14200.0,
    "calificacion": 0,
    "productoAsociado": "Puzzle",
    "usuarioCreador": "Usuario1*",
    "nombreTienda": "Pacific Market",
    "nombreDistrito": "Jacó",
    "nombreCanton": "Garabito",
    "nombreProvincia": "Puntarenas",
    "descripcion": "Diseños únicos"
  },
  {
    "creacion": "2019-09-13 17:40:58",
    "precio": 14250.0,
    "calificacion": 0,
    "productoAsociado": "Puzzle",
    "usuarioCreador": "Usuario1*",
    "nombreTienda": "Pacific Market",
    "nombreDistrito": "Jacó",
    "nombreCanton": "Garabito",
    "nombreProvincia": "Puntarenas",
    "descripcion": "Construye tu propio mundo"
  },
  {
    "creacion": "2019-09-13 18:55:18",
    "precio": 14300.0,
    "calificacion": 0,
    "productoAsociado": "Puzzle",
    "usuarioCreador": "Usuario1*",
    "nombreTienda": "Pacific Market",
    "nombreDistrito": "Jacó",
    "nombreCanton": "Garabito",
    "nombreProvincia": "Puntarenas",
    "descripcion": "Desarrollo mental"
  },
  {
    "creacion": "2019-09-13 20:10:30",
    "precio": 14350.0,
    "calificacion": 0,
    "productoAsociado": "Puzzle",
    "usuarioCreador": "Usuario1*",
    "nombreTienda": "Pacific Market",
    "nombreDistrito": "Jacó",
    "nombreCanton": "Garabito",
    "nombreProvincia": "Puntarenas",
    "descripcion": "Ensambla y juega"
  },
  {
    "creacion": "2019-09-13 21:25:45",
    "precio": 14400.0,
    "calificacion": 0,
    "productoAsociado": "Puzzle",
    "usuarioCreador": "Usuario1*",
    "nombreTienda": "Pacific Market",
    "nombreDistrito": "Jacó",
    "nombreCanton": "Garabito",
    "nombreProvincia": "Puntarenas",
    "descripcion": "Creatividad ilimitada"
  },
  {
    "creacion": "2019-09-13 22:40:58",
    "precio": 14450.0,
    "calificacion": 0,
    "productoAsociado": "Puzzle",
    "usuarioCreador": "Usuario1*",
    "nombreTienda": "Pacific Market",
    "nombreDistrito": "Jacó",
    "nombreCanton": "Garabito",
    "nombreProvincia": "Puntarenas",
    "descripcion": "Diviértete resolviendo"
  },
  {
    "creacion": "2019-09-09 11:55:45",
    "precio": 15000.0,
    "calificacion": 0,
    "productoAsociado": "Termómetro Infrarrojo",
    "usuarioCreador": "Usuario1*",
    "nombreTienda": "Valle Central Superstore",
    "nombreDistrito": "Heredia",
    "nombreCanton": "Heredia",
    "nombreProvincia": "Heredia",
    "descripcion": "Sin contacto"
  },
  {
    "creacion": "2019-09-12 20:50:35",
    "precio": 15000.0,
    "calificacion": 0,
    "productoAsociado": "Termómetro Infrarrojo",
    "usuarioCreador": "Usuario1*",
    "nombreTienda": "Valle Central Superstore",
    "nombreDistrito": "Heredia",
    "nombreCanton": "Heredia",
    "nombreProvincia": "Heredia",
    "descripcion": "Sin contacto"
  },
  {
    "creacion": "2019-09-12 21:55:20",
    "precio": 15050.0,
    "calificacion": 0,
    "productoAsociado": "Termómetro Infrarrojo",
    "usuarioCreador": "Usuario1*",
    "nombreTienda": "Valle Central Superstore",
    "nombreDistrito": "Heredia",
    "nombreCanton": "Heredia",
    "nombreProvincia": "Heredia",
    "descripcion": "Medición rápida"
  },
  {
    "creacion": "2019-09-12 22:45:10",
    "precio": 15100.0,
    "calificacion": 0,
    "productoAsociado": "Termómetro Infrarrojo",
    "usuarioCreador": "Usuario1*",
    "nombreTienda": "Valle Central Superstore",
    "nombreDistrito": "Heredia",
    "nombreCanton": "Heredia",
    "nombreProvincia": "Heredia",
    "descripcion": "Precisión digital"
  },
  {
    "creacion": "2019-09-12 23:35:55",
    "precio": 15150.0,
    "calificacion": 0,
    "productoAsociado": "Termómetro Infrarrojo",
    "usuarioCreador": "Usuario1*",
    "nombreTienda": "Valle Central Superstore",
    "nombreDistrito": "Heredia",
    "nombreCanton": "Heredia",
    "nombreProvincia": "Heredia",
    "descripcion": "Fácil de usar"
  },
  {
    "creacion": "2019-09-13 00:25:40",
    "precio": 15200.0,
    "calificacion": 0,
    "productoAsociado": "Termómetro Infrarrojo",
    "usuarioCreador": "Usuario1*",
    "nombreTienda": "Valle Central Superstore",
    "nombreDistrito": "Heredia",
    "nombreCanton": "Heredia",
    "nombreProvincia": "Heredia",
    "descripcion": "Lectura instantánea"
  },
  {
    "creacion": "2019-09-13 01:15:25",
    "precio": 15250.0,
    "calificacion": 0,
    "productoAsociado": "Termómetro Infrarrojo",
    "usuarioCreador": "Usuario1*",
    "nombreTienda": "Valle Central Superstore",
    "nombreDistrito": "Heredia",
    "nombreCanton": "Heredia",
    "nombreProvincia": "Heredia",
    "descripcion": "Para toda la familia"
  },
  {
    "creacion": "2019-09-13 02:05:10",
    "precio": 15300.0,
    "calificacion": 0,
    "productoAsociado": "Termómetro Infrarrojo",
    "usuarioCreador": "Usuario1*",
    "nombreTienda": "Valle Central Superstore",
    "nombreDistrito": "Heredia",
    "nombreCanton": "Heredia",
    "nombreProvincia": "Heredia",
    "descripcion": "Detección precisa"
  },
  {
    "creacion": "2019-09-13 02:55:55",
    "precio": 15350.0,
    "calificacion": 0,
    "productoAsociado": "Termómetro Infrarrojo",
    "usuarioCreador": "Usuario1*",
    "nombreTienda": "Valle Central Superstore",
    "nombreDistrito": "Heredia",
    "nombreCanton": "Heredia",
    "nombreProvincia": "Heredia",
    "descripcion": "Salud y seguridad"
  },
  {
    "creacion": "2019-09-13 03:45:40",
    "precio": 15400.0,
    "calificacion": 0,
    "productoAsociado": "Termómetro Infrarrojo",
    "usuarioCreador": "Usuario1*",
    "nombreTienda": "Valle Central Superstore",
    "nombreDistrito": "Heredia",
    "nombreCanton": "Heredia",
    "nombreProvincia": "Heredia",
    "descripcion": "Sin riesgo de contagio"
  },
  {
    "creacion": "2019-09-13 04:35:25",
    "precio": 15450.0,
    "calificacion": 0,
    "productoAsociado": "Termómetro Infrarrojo",
    "usuarioCreador": "Usuario1*",
    "nombreTienda": "Valle Central Superstore",
    "nombreDistrito": "Heredia",
    "nombreCanton": "Heredia",
    "nombreProvincia": "Heredia",
    "descripcion": "Práctico y eficiente"
  },
  {
    "creacion": "2019-09-09 13:10:58",
    "precio": 16000.0,
    "calificacion": 0,
    "productoAsociado": "Suplemento Alimenticio",
    "usuarioCreador": "Usuario1*",
    "nombreTienda": "Tienda Express",
    "nombreDistrito": "Curridabat",
    "nombreCanton": "Curridabat",
    "nombreProvincia": "San José",
    "descripcion": "Energía natural"
  },
  {
    "creacion": "2019-09-13 23:55:45",
    "precio": 16000.0,
    "calificacion": 0,
    "productoAsociado": "Suplemento Alimenticio",
    "usuarioCreador": "Usuario1*",
    "nombreTienda": "Tienda Express",
    "nombreDistrito": "Curridabat",
    "nombreCanton": "Curridabat",
    "nombreProvincia": "San José",
    "descripcion": "Energía natural"
  },
  {
    "creacion": "2019-09-14 00:10:58",
    "precio": 16050.0,
    "calificacion": 0,
    "productoAsociado": "Suplemento Alimenticio",
    "usuarioCreador": "Usuario1*",
    "nombreTienda": "Tienda Express",
    "nombreDistrito": "Curridabat",
    "nombreCanton": "Curridabat",
    "nombreProvincia": "San José",
    "descripcion": "Salud y bienestar"
  },
  {
    "creacion": "2019-09-14 01:25:18",
    "precio": 16100.0,
    "calificacion": 0,
    "productoAsociado": "Suplemento Alimenticio",
    "usuarioCreador": "Usuario1*",
    "nombreTienda": "Tienda Express",
    "nombreDistrito": "Curridabat",
    "nombreCanton": "Curridabat",
    "nombreProvincia": "San José",
    "descripcion": "Fortalece el sistema inmunológico"
  },
  {
    "creacion": "2019-09-14 02:40:30",
    "precio": 16150.0,
    "calificacion": 0,
    "productoAsociado": "Suplemento Alimenticio",
    "usuarioCreador": "Usuario1*",
    "nombreTienda": "Tienda Express",
    "nombreDistrito": "Curridabat",
    "nombreCanton": "Curridabat",
    "nombreProvincia": "San José",
    "descripcion": "Vitaminas esenciales"
  },
  {
    "creacion": "2019-09-14 03:55:45",
    "precio": 16200.0,
    "calificacion": 0,
    "productoAsociado": "Suplemento Alimenticio",
    "usuarioCreador": "Usuario1*",
    "nombreTienda": "Tienda Express",
    "nombreDistrito": "Curridabat",
    "nombreCanton": "Curridabat",
    "nombreProvincia": "San José",
    "descripcion": "Mejora tu rendimiento"
  },
  {
    "creacion": "2019-09-14 05:10:58",
    "precio": 16250.0,
    "calificacion": 0,
    "productoAsociado": "Suplemento Alimenticio",
    "usuarioCreador": "Usuario1*",
    "nombreTienda": "Tienda Express",
    "nombreDistrito": "Curridabat",
    "nombreCanton": "Curridabat",
    "nombreProvincia": "San José",
    "descripcion": "Energía duradera"
  },
  {
    "creacion": "2019-09-14 06:25:18",
    "precio": 16300.0,
    "calificacion": 0,
    "productoAsociado": "Suplemento Alimenticio",
    "usuarioCreador": "Usuario1*",
    "nombreTienda": "Tienda Express",
    "nombreDistrito": "Curridabat",
    "nombreCanton": "Curridabat",
    "nombreProvincia": "San José",
    "descripcion": "Bienestar general"
  },
  {
    "creacion": "2019-09-14 07:40:30",
    "precio": 16350.0,
    "calificacion": 0,
    "productoAsociado": "Suplemento Alimenticio",
    "usuarioCreador": "Usuario1*",
    "nombreTienda": "Tienda Express",
    "nombreDistrito": "Curridabat",
    "nombreCanton": "Curridabat",
    "nombreProvincia": "San José",
    "descripcion": "Vitalidad y salud"
  },
  {
    "creacion": "2019-09-14 08:55:45",
    "precio": 16400.0,
    "calificacion": 0,
    "productoAsociado": "Suplemento Alimenticio",
    "usuarioCreador": "Usuario1*",
    "nombreTienda": "Tienda Express",
    "nombreDistrito": "Curridabat",
    "nombreCanton": "Curridabat",
    "nombreProvincia": "San José",
    "descripcion": "Nutrición completa"
  },
  {
    "creacion": "2019-09-14 10:10:58",
    "precio": 16450.0,
    "calificacion": 0,
    "productoAsociado": "Suplemento Alimenticio",
    "usuarioCreador": "Usuario1*",
    "nombreTienda": "Tienda Express",
    "nombreDistrito": "Curridabat",
    "nombreCanton": "Curridabat",
    "nombreProvincia": "San José",
    "descripcion": "Mejora tu calidad de vida"
  },
  {
    "creacion": "2019-09-10 15:20:15",
    "precio": 17000.0,
    "calificacion": 0,
    "productoAsociado": "Limpiador Multiusos",
    "usuarioCreador": "Usuario1*",
    "nombreTienda": "Compras Rápidas",
    "nombreDistrito": "Alajuela",
    "nombreCanton": "Alajuela",
    "nombreProvincia": "Alajuela",
    "descripcion": "Limpieza profunda"
  },
  {
    "creacion": "2019-09-15 10:55:45",
    "precio": 17050.0,
    "calificacion": 0,
    "productoAsociado": "Limpiador Multiusos",
    "usuarioCreador": "Usuario1*",
    "nombreTienda": "Compras Rápidas",
    "nombreDistrito": "Alajuela",
    "nombreCanton": "Alajuela",
    "nombreProvincia": "Alajuela",
    "descripcion": "Elimina la suciedad más difícil"
  },
  {
    "creacion": "2019-09-15 12:10:58",
    "precio": 17100.0,
    "calificacion": 0,
    "productoAsociado": "Limpiador Multiusos",
    "usuarioCreador": "Usuario1*",
    "nombreTienda": "Compras Rápidas",
    "nombreDistrito": "Alajuela",
    "nombreCanton": "Alajuela",
    "nombreProvincia": "Alajuela",
    "descripcion": "Desinfecta y purifica"
  },
  {
    "creacion": "2019-09-15 14:25:18",
    "precio": 17150.0,
    "calificacion": 0,
    "productoAsociado": "Limpiador Multiusos",
    "usuarioCreador": "Usuario1*",
    "nombreTienda": "Compras Rápidas",
    "nombreDistrito": "Alajuela",
    "nombreCanton": "Alajuela",
    "nombreProvincia": "Alajuela",
    "descripcion": "Aroma fresco"
  },
  {
    "creacion": "2019-09-15 16:40:30",
    "precio": 17200.0,
    "calificacion": 0,
    "productoAsociado": "Limpiador Multiusos",
    "usuarioCreador": "Usuario1*",
    "nombreTienda": "Compras Rápidas",
    "nombreDistrito": "Alajuela",
    "nombreCanton": "Alajuela",
    "nombreProvincia": "Alajuela",
    "descripcion": "Efectivo en múltiples superficies"
  },
  {
    "creacion": "2019-09-15 18:55:45",
    "precio": 17250.0,
    "calificacion": 0,
    "productoAsociado": "Limpiador Multiusos",
    "usuarioCreador": "Usuario1*",
    "nombreTienda": "Compras Rápidas",
    "nombreDistrito": "Alajuela",
    "nombreCanton": "Alajuela",
    "nombreProvincia": "Alajuela",
    "descripcion": "Limpieza sin esfuerzo"
  },
  {
    "creacion": "2019-09-16 09:10:58",
    "precio": 17300.0,
    "calificacion": 0,
    "productoAsociado": "Limpiador Multiusos",
    "usuarioCreador": "Usuario1*",
    "nombreTienda": "Compras Rápidas",
    "nombreDistrito": "Alajuela",
    "nombreCanton": "Alajuela",
    "nombreProvincia": "Alajuela",
    "descripcion": "Elimina gérmenes y bacterias"
  },
  {
    "creacion": "2019-09-16 11:25:18",
    "precio": 17350.0,
    "calificacion": 0,
    "productoAsociado": "Limpiador Multiusos",
    "usuarioCreador": "Usuario1*",
    "nombreTienda": "Compras Rápidas",
    "nombreDistrito": "Alajuela",
    "nombreCanton": "Alajuela",
    "nombreProvincia": "Alajuela",
    "descripcion": "Brillo duradero"
  },
  {
    "creacion": "2019-09-16 13:40:30",
    "precio": 17400.0,
    "calificacion": 0,
    "productoAsociado": "Limpiador Multiusos",
    "usuarioCreador": "Usuario1*",
    "nombreTienda": "Compras Rápidas",
    "nombreDistrito": "Alajuela",
    "nombreCanton": "Alajuela",
    "nombreProvincia": "Alajuela",
    "descripcion": "Fórmula concentrada"
  },
  {
    "creacion": "2019-09-16 15:55:45",
    "precio": 17450.0,
    "calificacion": 0,
    "productoAsociado": "Limpiador Multiusos",
    "usuarioCreador": "Usuario1*",
    "nombreTienda": "Compras Rápidas",
    "nombreDistrito": "Alajuela",
    "nombreCanton": "Alajuela",
    "nombreProvincia": "Alajuela",
    "descripcion": "Limpieza sin residuos"
  },
  {
    "creacion": "2019-09-16 17:10:58",
    "precio": 17500.0,
    "calificacion": 0,
    "productoAsociado": "Limpiador Multiusos",
    "usuarioCreador": "Usuario1*",
    "nombreTienda": "Compras Rápidas",
    "nombreDistrito": "Alajuela",
    "nombreCanton": "Alajuela",
    "nombreProvincia": "Alajuela",
    "descripcion": "Efectivo y versátil"
  },
  {
    "creacion": "2019-09-10 16:30:22",
    "precio": 18000.0,
    "calificacion": 0,
    "productoAsociado": "Jabón de Lavandería",
    "usuarioCreador": "Usuario1*",
    "nombreTienda": "SuperMarket Veinticuatro Siete",
    "nombreDistrito": "Liberia",
    "nombreCanton": "Liberia",
    "nombreProvincia": "Guanacaste",
    "descripcion": "Fórmula efectiva"
  },
  {
    "creacion": "2023-09-10 08:00:00",
    "precio": 16000.0,
    "calificacion": 0,
    "productoAsociado": "Jabón de Lavandería",
    "usuarioCreador": "Usuario1*",
    "nombreTienda": "SuperMarket Veinticuatro Siete",
    "nombreDistrito": "Liberia",
    "nombreCanton": "Liberia",
    "nombreProvincia": "Guanacaste",
    "descripcion": "Fórmula suave para la piel"
  },
  {
    "creacion": "2023-09-11 10:30:00",
    "precio": 22000.0,
    "calificacion": 0,
    "productoAsociado": "Jabón de Lavandería",
    "usuarioCreador": "Usuario1*",
    "nombreTienda": "SuperMarket Veinticuatro Siete",
    "nombreDistrito": "Liberia",
    "nombreCanton": "Liberia",
    "nombreProvincia": "Guanacaste",
    "descripcion": "Limpieza profunda"
  },
  {
    "creacion": "2023-09-12 14:15:00",
    "precio": 2500.0,
    "calificacion": 0,
    "productoAsociado": "Jabón de Lavandería",
    "usuarioCreador": "Usuario1*",
    "nombreTienda": "SuperMarket Veinticuatro Siete",
    "nombreDistrito": "Liberia",
    "nombreCanton": "Liberia",
    "nombreProvincia": "Guanacaste",
    "descripcion": "Aroma fresco"
  },
  {
    "creacion": "2023-09-13 16:45:00",
    "precio": 800.0,
    "calificacion": 0,
    "productoAsociado": "Jabón de Lavandería",
    "usuarioCreador": "Usuario1*",
    "nombreTienda": "SuperMarket Veinticuatro Siete",
    "nombreDistrito": "Liberia",
    "nombreCanton": "Liberia",
    "nombreProvincia": "Guanacaste",
    "descripcion": "Eco-amigable"
  },
  {
    "creacion": "2023-09-14 12:10:00",
    "precio": 1350.0,
    "calificacion": 0,
    "productoAsociado": "Jabón de Lavandería",
    "usuarioCreador": "Usuario1*",
    "nombreTienda": "SuperMarket Veinticuatro Siete",
    "nombreDistrito": "Liberia",
    "nombreCanton": "Liberia",
    "nombreProvincia": "Guanacaste",
    "descripcion": "Hipoalergénico"
  },
  {
    "creacion": "2023-09-15 09:30:00",
    "precio": 28000.0,
    "calificacion": 0,
    "productoAsociado": "Jabón de Lavandería",
    "usuarioCreador": "Usuario1*",
    "nombreTienda": "SuperMarket Veinticuatro Siete",
    "nombreDistrito": "Liberia",
    "nombreCanton": "Liberia",
    "nombreProvincia": "Guanacaste",
    "descripcion": "Máxima eficiencia"
  },
  {
    "creacion": "2023-09-16 11:20:00",
    "precio": 450.0,
    "calificacion": 0,
    "productoAsociado": "Jabón de Lavandería",
    "usuarioCreador": "Usuario1*",
    "nombreTienda": "SuperMarket Veinticuatro Siete",
    "nombreDistrito": "Liberia",
    "nombreCanton": "Liberia",
    "nombreProvincia": "Guanacaste",
    "descripcion": "Fragancia duradera"
  },
  {
    "creacion": "2023-09-17 13:50:00",
    "precio": 4800.0,
    "calificacion": 0,
    "productoAsociado": "Jabón de Lavandería",
    "usuarioCreador": "Usuario1*",
    "nombreTienda": "SuperMarket Veinticuatro Siete",
    "nombreDistrito": "Liberia",
    "nombreCanton": "Liberia",
    "nombreProvincia": "Guanacaste",
    "descripcion": "Limpieza impecable"
  },
  {
    "creacion": "2023-09-18 15:40:00",
    "precio": 920.0,
    "calificacion": 0,
    "productoAsociado": "Jabón de Lavandería",
    "usuarioCreador": "Usuario1*",
    "nombreTienda": "SuperMarket Veinticuatro Siete",
    "nombreDistrito": "Liberia",
    "nombreCanton": "Liberia",
    "nombreProvincia": "Guanacaste",
    "descripcion": "Suavidad incomparable"
  },
  {
    "creacion": "2023-09-19 17:20:00",
    "precio": 2100.0,
    "calificacion": 0,
    "productoAsociado": "Jabón de Lavandería",
    "usuarioCreador": "Usuario1*",
    "nombreTienda": "SuperMarket Veinticuatro Siete",
    "nombreDistrito": "Liberia",
    "nombreCanton": "Liberia",
    "nombreProvincia": "Guanacaste",
    "descripcion": "Protección para la ropa"
  },
  {
    "creacion": "2018-09-11 17:20:55",
    "precio": 5000.0,
    "calificacion": 0,
    "productoAsociado": "Pantalones",
    "usuarioCreador": "Usuario1*",
    "nombreTienda": "Mall Plaza",
    "nombreDistrito": "Curridabat",
    "nombreCanton": "Curridabat",
    "nombreProvincia": "San José",
    "descripcion": "Pantafantásticos"
  },
  {
    "creacion": "2018-10-11 17:20:55",
    "precio": 15000.0,
    "calificacion": 0,
    "productoAsociado": "Vestido",
    "usuarioCreador": "Usuario1*",
    "nombreTienda": "Mall Plaza",
    "nombreDistrito": "Curridabat",
    "nombreCanton": "Curridabat",
    "nombreProvincia": "San José",
    "descripcion": "Apenas pal prom"
  },
  {
    "creacion": "2018-11-11 17:20:55",
    "precio": 150000.0,
    "calificacion": 0,
    "productoAsociado": "Afeitadora Eléctrica",
    "usuarioCreador": "Usuario1*",
    "nombreTienda": "Mall Plaza",
    "nombreDistrito": "Curridabat",
    "nombreCanton": "Curridabat",
    "nombreProvincia": "San José",
    "descripcion": "Afeita y afeita pero nunca desfeita"
  },
  {
    "creacion": "2018-12-11 17:20:55",
    "precio": 1000.0,
    "calificacion": 0,
    "productoAsociado": "Gafas de Sol",
    "usuarioCreador": "Usuario1*",
    "nombreTienda": "Mall Plaza",
    "nombreDistrito": "Curridabat",
    "nombreCanton": "Curridabat",
    "nombreProvincia": "San José",
    "descripcion": "El sol se vende por separado, no se embarquen como yo"
  },
  {
    "creacion": "2018-12-12 17:20:55",
    "precio": 3500.0,
    "calificacion": 0,
    "productoAsociado": "Cereal",
    "usuarioCreador": "Usuario1*",
    "nombreTienda": "Mall Plaza",
    "nombreDistrito": "Curridabat",
    "nombreCanton": "Curridabat",
    "nombreProvincia": "San José",
    "descripcion": "El cereal siempre primero que la leche"
  },
  {
    "creacion": "2018-12-14 17:20:55",
    "precio": 4000.0,
    "calificacion": 0,
    "productoAsociado": "Pan",
    "usuarioCreador": "Usuario1*",
    "nombreTienda": "Mall Plaza",
    "nombreDistrito": "Curridabat",
    "nombreCanton": "Curridabat",
    "nombreProvincia": "San José",
    "descripcion": "Me gusta el pan añejo"
  },
  {
    "creacion": "2018-12-15 17:20:55",
    "precio": 17000.0,
    "calificacion": 0,
    "productoAsociado": "Reproductor de MP3",
    "usuarioCreador": "Usuario1*",
    "nombreTienda": "Mall Plaza",
    "nombreDistrito": "Curridabat",
    "nombreCanton": "Curridabat",
    "nombreProvincia": "San José",
    "descripcion": "Mae quién sigue usando MP3, spotify es la que vive"
  },
  {
    "creacion": "2018-12-16 17:20:55",
    "precio": 50000.0,
    "calificacion": 0,
    "productoAsociado": "Altavoz Bluetooth",
    "usuarioCreador": "Usuario1*",
    "nombreTienda": "Mall Plaza",
    "nombreDistrito": "Curridabat",
    "nombreCanton": "Curridabat",
    "nombreProvincia": "San José",
    "descripcion": "This is so mucho barato, Alexa play despacito!"
  },
  {
    "creacion": "2018-12-17 17:20:55",
    "precio": 8000.0,
    "calificacion": 0,
    "productoAsociado": "Pelota de Fútbol",
    "usuarioCreador": "Usuario1*",
    "nombreTienda": "Mall Plaza",
    "nombreDistrito": "Curridabat",
    "nombreCanton": "Curridabat",
    "nombreProvincia": "San José",
    "descripcion": "Tiembla Messi"
  },
  {
    "creacion": "2018-12-18 17:20:55",
    "precio": 28000.0,
    "calificacion": 0,
    "productoAsociado": "Cámara de Video",
    "usuarioCreador": "Usuario1*",
    "nombreTienda": "Mall Plaza",
    "nombreDistrito": "Curridabat",
    "nombreCanton": "Curridabat",
    "nombreProvincia": "San José",
    "descripcion": "¿Si quiero ser youtuber tengo que ser bizco?"
  },
  {
    "creacion": "2018-12-19 17:20:55",
    "precio": 18000.0,
    "calificacion": 0,
    "productoAsociado": "Aceite de Oliva",
    "usuarioCreador": "Usuario1*",
    "nombreTienda": "Mall Plaza",
    "nombreDistrito": "Curridabat",
    "nombreCanton": "Curridabat",
    "nombreProvincia": "San José",
    "descripcion": "No se me ocurre ningún comentario ingenioso, tengo sueño"
  },
  {
    "creacion": "2018-12-20 17:20:55",
    "precio": 3000.0,
    "calificacion": 0,
    "productoAsociado": "Leche",
    "usuarioCreador": "Usuario1*",
    "nombreTienda": "Mall Plaza",
    "nombreDistrito": "Curridabat",
    "nombreCanton": "Curridabat",
    "nombreProvincia": "San José",
    "descripcion": "Leche Pura Vida bro, no le digo? jajajajaja"
  },
  {
    "creacion": "2018-12-21 17:20:55",
    "precio": 20000.0,
    "calificacion": 0,
    "productoAsociado": "Vino Tinto",
    "usuarioCreador": "Usuario1*",
    "nombreTienda": "Mall Plaza",
    "nombreDistrito": "Curridabat",
    "nombreCanton": "Curridabat",
    "nombreProvincia": "San José",
    "descripcion": "Malas noticias, no tinta"
  },
  {
    "creacion": "2018-12-22 17:20:55",
    "precio": 13250.0,
    "calificacion": 0,
    "productoAsociado": "Aceite de Cocina",
    "usuarioCreador": "Usuario1*",
    "nombreTienda": "Mall Plaza",
    "nombreDistrito": "Curridabat",
    "nombreCanton": "Curridabat",
    "nombreProvincia": "San José",
    "descripcion": "Dance dance revolution era mejor que just dance, pero ustede no estan listos para esa conversación"
  },
  {
    "creacion": "2018-12-23 17:20:55",
    "precio": 1325.0,
    "calificacion": 0,
    "productoAsociado": "Jabón Líquido",
    "usuarioCreador": "Usuario1*",
    "nombreTienda": "Mall Plaza",
    "nombreDistrito": "Curridabat",
    "nombreCanton": "Curridabat",
    "nombreProvincia": "San José",
    "descripcion": "El día que exista el jabón gaseoso lo agregaré a LoCoMPro!"
  },
  {
    "creacion": "2018-12-24 17:20:55",
    "precio": 7350.0,
    "calificacion": 0,
    "productoAsociado": "Detergente Líquido",
    "usuarioCreador": "Usuario1*",
    "nombreTienda": "Mall Plaza",
    "nombreDistrito": "Curridabat",
    "nombreCanton": "Curridabat",
    "nombreProvincia": "San José",
    "descripcion": "Suave como el amor de mi perrito, shoutout a Oliver, te quiero Oliver"
  },
  {
    "creacion": "2018-12-25 17:20:55",
    "precio": 5000.0,
    "calificacion": 0,
    "productoAsociado": "Azúcar",
    "usuarioCreador": "Usuario1*",
    "nombreTienda": "Mall Plaza",
    "nombreDistrito": "Curridabat",
    "nombreCanton": "Curridabat",
    "nombreProvincia": "San José",
    "descripcion": "Dulce como el amor de mi perrito, shoutout a Oliver, te quiero Oliver"
  },
  {
    "creacion": "2018-12-26 17:20:55",
    "precio": 1500.0,
    "calificacion": 0,
    "productoAsociado": "Harina de Trigo",
    "usuarioCreador": "Usuario1*",
    "nombreTienda": "Mall Plaza",
    "nombreDistrito": "Curridabat",
    "nombreCanton": "Curridabat",
    "nombreProvincia": "San José",
    "descripcion": "Polvoso como el amor de mi perrito...? shoutout a Oliver, te quiero Oliver"
  },
  {
    "creacion": "2018-12-27 17:20:55",
    "precio": 6500.0,
    "calificacion": 0,
    "productoAsociado": "Café en Grano",
    "usuarioCreador": "Usuario1*",
    "nombreTienda": "Mall Plaza",
    "nombreDistrito": "Curridabat",
    "nombreCanton": "Curridabat",
    "nombreProvincia": "San José",
    "descripcion": "Adicitvo como el amor de mi perrito, shoutout a Oliver, te quiero Oliver"
  },
  {
    "creacion": "2018-12-28 17:20:55",
    "precio": 4500.0,
    "calificacion": 0,
    "productoAsociado": "Arroz Integral",
    "usuarioCreador": "Usuario1*",
    "nombreTienda": "Mall Plaza",
    "nombreDistrito": "Curridabat",
    "nombreCanton": "Curridabat",
    "nombreProvincia": "San José",
    "descripcion": "Mae ya no sé, te extraño Oliver, ayudame a terminar este PI"
  },
  {
    "creacion": "2018-12-29 17:20:55",
    "precio": 2500.0,
    "calificacion": 0,
    "productoAsociado": "Harina de Maíz",
    "usuarioCreador": "Usuario1*",
    "nombreTienda": "Mall Plaza",
    "nombreDistrito": "Curridabat",
    "nombreCanton": "Curridabat",
    "nombreProvincia": "San José",
    "descripcion": "Pues como la de trigo, pero de maíz"
  },
  {
    "creacion": "2018-12-01 17:20:55",
    "precio": 6000.0,
    "calificacion": 0,
    "productoAsociado": "Azúcar Morena",
    "usuarioCreador": "Usuario1*",
    "nombreTienda": "Mall Plaza",
    "nombreDistrito": "Curridabat",
    "nombreCanton": "Curridabat",
    "nombreProvincia": "San José",
    "descripcion": "Dicen que es más saludable"
  }
]
